Ship pt,Product Hierarchy,Part Number,Month 1,Month 2,Month 3,Month 4,Month 5,Month 6,Month 7,Month 8,Month 9,Month 10,Month 11,Month 12,Algorithm,RMSE,MAPE,Parameters
ï»¿ZTRD,0 B C E,10016362,0.0,0.0,0.0,0.0,0.0,0.0,0.0,0.0,0.0,0.0,0.0,0.0,AR,0.0,nan,[]
ZTRD,0 B E E,10016625,0,0.18,0,1.19,0,0.18,0,1.28,0,0,0,0.15,AR,0.81,nan,[]
ZTRD,0 B I F,10022601,1.7,0,0.19,0,0.89,0,1.7,0,0,0,0,0,AR,2.12,nan,[]
ZTRD,0 B J C,10022701,0.0,0.0,0.0,0.0,0.0,0.0,0.0,0.0,0.0,0.0,0.0,0.0,AR,0.31,inf,[]
ZTRD,0 B J E,10022702,0,0,0,0,0,0,0,0,0,0,0,0,AR,0.0,nan,[]
ZTRD,0 B M C,10024003,0,0,0,0,0,0,0,0,0,0,0,0,AR,0.0,nan,[]
ZTRD,0 B X C,10024005,0,0,0,0,0,0,0,0,0,0,0,0,AR,0.0,nan,[]
ZTRD,0 B X G,10024114,0,0.04,0.19,0,0,0,0.02,0,0,0,0,0,AR,0.28,nan,[]
ZTRD,0 C A E,10024211,0.0,0.0,0.0,0.0,0.0,0.0,0.0,0.0,0.0,0.0,0.0,0.0,AR,0.0,nan,[]
ZTRD,0 C F E,10024212,0.0,0.0,0.0,0.0,0.0,0.0,0.0,0.0,0.0,0.0,0.0,0.0,AR,0.0,nan,[]
ZTRD,0 C F F,10025006,0,0,0,0,0,0,0,0,0,0,0,0,AR,0.0,nan,[]
ZTRD,0 C G E,10026401,0,0,0,0,0,0,0,0,0,0,0,0,AR,0.19,nan,[]
ZTRD,0 C G F,10030340,0,0,2.81,2.48,0,1.62,0,2.52,0,0,1.92,0.93,AR,1.94,nan,[]
ZTRD,1 A A A,10030370,0.47,0,1.08,0,0.51,1.0,0.57,0.74,0.99,0.73,0.25,0.29,AR,0.7,nan,[]
ZTRD,1 A B E,10030405,0,1.16,3.84,0,2.79,0,4.08,2.72,2.08,1.83,1.98,0.62,AR,3.33,inf,[]
ZTRD,1 A C E,10030410,-0.0,-0.0,-0.0,-0.0,-0.0,-0.0,-0.0,-0.0,-0.0,0.15,-0.0,-0.0,AR,0.3,inf,[]
ZTRD,1 A D A,10030415,1.24,0.05,0.17,0,0,0,0,0.93,0,0,0,0,AR,0.59,nan,[]
ZTRD,1 A E E,10030420,0.61,0,0.06,0.07,0.39,-0.0,0,0.36,0.11,0.57,0.04,0.12,AR,0.47,nan,[]
ZTRD,1 A H E,10030430,0.0,0.0,0.0,0.0,0.0,0.0,0.0,0.0,0.0,0.0,0.0,0.0,AR,0.0,nan,[]
ZTRD,1 A I E,10030450,1.8,0,6.46,3.63,1.34,1.3,10.43,4.95,2.23,0.23,9.7,4.51,AR,4.47,nan,[]
ZTRD,1 A L A,10030490,0,0.03,0.4,1.47,0.93,0,0.32,1.02,0.1,0.9,0,0.12,AR,0.79,nan,[]
ZTRD,1 A L F,10030492,0.33,0.2,1.13,1.21,0.54,0,0.86,0,0.61,0,0.6,1.76,AR,1.68,inf,[]
ZTRD,1 A X E,10030540,1.98,0.36,0.53,1.08,1.14,1.31,1.22,1.58,2.71,0.74,1.82,1.9,AR,0.91,inf,[]
ZTRD,1 A X F,10030550,0.8,0,0,0.66,1.58,1.43,1.1,0.97,0.16,0.01,0.05,0,AR,1.18,nan,[]
ZTRD,1 B A E,10030560,0,1.47,1.95,0.52,0.47,0,0.21,0,2.71,1.21,0,1.18,AR,1.51,nan,[]
ZTRD,1 B B B,10030570,1.44,0.26,2.03,3.03,1.46,0,2.47,1.11,1.02,2.09,1.17,1.15,AR,1.23,nan,[]
ZTRD,1 B B E,10030580,0.29,0.03,-0.0,0,0,0,0,0,0,0.0,0,0.0,AR,0.36,nan,[]
ZTRD,1 B D E,10030590,2.45,0.68,0.55,0.3,2.6,0.59,0.18,1.14,1.47,0.62,0.5,0.47,AR,0.96,nan,[]
ZTRD,1 C X C,10030595,1.74,0,2.44,0,2.0,0,1.82,0.7,1.66,0.53,4.53,0,AR,1.33,inf,[]
ZTRD,1 S Y G,10030600,1.31,0,0.49,0.84,1.23,0.24,0,0.07,0.03,0.81,0.22,0.92,AR,0.58,nan,[]
ZTRD,1 Y Y C,10030610,0.78,0,0,0,0,0,0,0,0,0,0,0,AR,0.38,nan,[]
ZTRD,2 A A E,10030620,0,2.03,2.14,5.08,3.33,3.75,8.35,0,6.94,0,6.91,1.66,AR,3.75,inf,[]
ZTRD,2 A C C,10030630,0.74,0,1.31,0,3.26,0,1.29,0,2.1,0.0,1.09,-0.0,AR,1.55,nan,[]
ZTRD,2 A C E,10030650,3.67,0.92,0.18,0.65,6.45,0,3.18,0,7.4,0,5.18,0,AR,2.5,nan,[]
ZTRD,2 A G C,10030690,1.17,0,0.49,0,1.6,0,0.93,0.09,0.06,-0.0,0.24,0,AR,0.72,nan,[]
ZTRD,2 A G E,10030750,0.01,0.25,0.72,0.42,-0.0,1.03,0.05,0.07,1.01,0,0.77,0.87,AR,0.57,nan,[]
ZTRD,2 A I B,10031340,0.26,0.12,0,0.2,0,0.91,0,0.02,0.05,0,0.07,0.06,AR,0.29,nan,[]
ZTRD,2 A I C,10031405,0,0,1.18,0.01,0,0.36,0.23,0,1.24,0.04,0,1.02,AR,0.5,nan,[]
ZTRD,2 A I E,10031415,0,0,0,0,0,0,0,0,0,0,0,0,AR,0.0,nan,[]
ZTRD,2 A I F,10031450,0,0.14,1.2,-0.0,0,0.15,0,0,0,0,0,0.94,AR,0.45,nan,[]
ZTRD,2 A J B,10031492,0,0,0,0.08,0,0,0,0.17,0.35,0.13,0.91,0.96,AR,0.41,nan,[]
ZTRD,2 A J C,10031540,0.17,0,0.22,0.37,0.61,1.28,0,0,0.11,0.26,1.12,0.88,AR,0.5,nan,[]
ZTRD,2 A J E,10031550,0.0,0.03,0,1.03,0.01,1.02,0.02,0.02,0.02,0.0,0.02,0.04,AR,0.41,nan,[]
ZTRD,2 A J F,10031570,0.05,0.04,0.04,0.29,0,1.05,0.03,0.04,0.1,0,1.1,0.02,AR,0.41,nan,[]
ZTRD,2 A K C,10031595,0,0,0,0,0,0,0,0,0,0,0,0,AR,0.0,nan,[]
ZTRD,2 A K E,10031610,0.0,0.0,0.0,0.0,0.0,0.0,0.0,0.0,0.0,0.0,0.0,0.0,AR,0.0,nan,[]
ZTRD,2 A K F,10031620,0.33,0.12,0.02,0.27,0.26,1.18,0.36,0.15,0.1,0.12,0.17,2.16,AR,0.69,nan,[]
ZTRD,2 A L E,10031630,0.0,0.0,0.0,0.0,0.0,0.0,0.0,0.0,0.0,0.0,0.0,0.0,AR,0.0,nan,[]
ZTRD,2 A M C,10031650,1.83,0,0.41,0.47,0.06,0,0,0.15,0.25,0,0.68,0,AR,0.71,nan,[]
ZTRD,2 A M E,10031690,0,0,0,0,0,0,0,0,0,0,0,0,AR,0.59,inf,[]
ZTRD,2 A P B,10031750,0.06,0.06,0.06,0.06,0.03,0,0,0,0,0,0.01,1.26,AR,0.41,inf,[]
ZTRD,2 A P C,10034324,0.03,1.03,0.03,0.03,0.03,0.03,0.03,0.03,0.03,0.03,0.03,0.03,AR,0.29,nan,[]
ZTRD,2 A P E,10036602,0,0,0,0,0,0,0,0,0,0,0,0,AR,0.0,nan,[]
ZTRD,2 A P F,10037311,0,0,0,0,0,0,0,0,0,0,0,0,AR,0.31,inf,[]
ZTRD,2 A X C,10037371,0.0,-0.0,-0.0,-0.0,0.0,0.0,0.0,-0.0,0.0,-0.0,1.0,-0.0,AR,0.29,nan,[]
ZTRD,2 A X E,10040006,0,0,0,0,0,0,0,0,0,0,0,0,AR,0.0,nan,[]
ZTRD,2 A X F,10040211,0.0,0.0,0.0,0.0,0.0,0.0,0.0,0.0,0.0,0.0,0.0,0.0,AR,0.0,nan,[]
ZTRD,2 A Y E,10054011,0,0,0,0,0,0,0,0.11,0,0.95,0,0,AR,0.29,nan,[]
ZTRD,2 B A E,10054017,3.68,1.6,1.45,0.68,0.48,0.46,0.73,1.69,5.6,0.28,0.19,0.5,AR,69721245.74,nan,[]
ZTRD,2 B A F,10054018,0,0.03,0.1,0.09,1.12,0.12,0.12,0.11,0.11,0.11,1.04,0.04,AR,0.41,nan,[]
ZTRD,2 B B C,10054019,-0.0,-0.0,-0.0,-0.0,-0.0,-0.0,-0.0,-0.0,-0.0,-0.0,-0.0,-0.0,AR,0.0,nan,[]
ZTRD,2 B B E,10054020,0.0,-0.0,0.0,0.0,0.0,-0.0,0.0,0.0,0.0,1.0,0.0,0.0,AR,0.29,nan,[]
ZTRD,2 B B F,10054027,0.02,0,0,0.44,0.34,0,0.13,0.07,1.93,0,0.12,0.15,AR,0.58,nan,[]
ZTRD,2 B C C,10054034,0.31,0.01,0,0,0,0,0,0,0,0,0,0,AR,0.86,nan,[]
ZTRD,2 B C E,10054036,0,0,0,0,0,0,0,0,0,0,0,0,AR,0.0,nan,[]
ZTRD,2 B C F,10054045,0.05,0.04,0.04,0.04,0.05,0.03,1.03,0.03,0.03,0.03,0.04,0.03,AR,0.29,nan,[]
ZTRD,2 B D B,10054046,0,0,0,0,0,0,0,0,0,0,0,0,AR,0.0,nan,[]
ZTRD,2 B D E,10055002,0,0.7,0,0.08,0.03,0.28,0.65,0.06,0.23,0.66,0.29,0,AR,0.71,nan,[]
ZTRD,2 B D F,10055006,0.06,0,0.13,0,0.02,0.04,0,0.66,0,1.68,0.2,1.6,AR,1.04,nan,[]
ZTRD,2 B E C,10055026,-0.0,0.33,0.0,0,-0.0,0.04,0.0,0.32,-0.0,0.56,0.0,0.26,AR,0.41,nan,[]
ZTRD,2 B E E,10057002,0.0,0.0,0.0,0.0,0.0,0.0,0.0,0.0,0.0,0.0,0.0,0.0,AR,0.0,nan,[]
ZTRD,2 B X C,10057022,0,0,0,0,0,0,0,0,0,0,0,0,AR,0.05,nan,[]
ZTRD,2 B X E,10057034,3.08,9.95,16.15,1.76,2.13,6.45,4.35,14.54,16.08,0,6.85,7.12,AR,7.26,inf,[]
ZTRD,2 B X F,10057083,6.68,7.76,9.69,4.53,9.14,1.34,5.38,9.35,0.93,6.91,2.73,1.29,AR,4.02,inf,[]
ZTRD,2 B Y C,10076001,2.44,0,0.38,4.23,0,0,2.43,0,0.67,0.5,0,0.05,AR,1.63,nan,[]
ZTRD,2 C A A,10100340,0,0,0,0,0,0,0,0,0,0,0,0,AR,0.0,nan,[]
ZTRD,2 C A E,10100426,-0.0,0.0,0.0,0.0,0.0,0.0,-0.0,0.0,0.0,0.0,0.0,-0.0,AR,3.61,inf,[]
ZTRD,2 D A C,10100779,0,0,0,0,0,0,0,0,0,0,0,0,AR,0.0,nan,[]
ZTRD,2 D A E,10102317,0.75,0.47,0,0.09,0.2,0.06,0,0,0,0.67,0,0,AR,1.47,inf,[]
ZTRD,2 D A F,10102400,0,0,0,0,0,0,0,0,0,0,0,0,AR,0.08,nan,[]
ZTRD,2 D B E,10102401,0,0.17,0.13,0.08,0.35,0.13,0.08,0.12,0.01,0.01,0,0,AR,0.63,nan,[]
ZTRD,2 D B F,10103101,0,0,0,0,0,0,0,0,0,0,0,0,AR,0.0,nan,[]
ZTRD,2 D C C,10104021,0.0,0.0,0.0,0.0,0.0,0.0,0.0,0.0,0.0,0.0,0.0,0.0,AR,0.0,nan,[]
ZTRD,2 D C E,10104022,0.0,0.0,0.0,0.0,0.0,0.0,0.0,0.0,0.0,0.0,0.0,0.0,AR,0.0,nan,[]
ZTRD,2 D D E,10104023,0,0,0,0,0,0,0,0,0,0,0,0,AR,0.18,nan,[]
ZTRD,2 D D F,10104028,0,0,0,0,0,0,0,0,0,0,0,0,AR,0.0,nan,[]
ZTRD,2 D X C,10105011,0,0,0,0,0,0,0,0,0,0,0,0,AR,0.1,nan,[]
ZTRD,2 D X E,10105012,0,0,0,0,0,0,0,0,0,0,0,0,AR,0.0,nan,[]
ZTRD,2 D X F,10112050,0,0,0,0,0,0,0,0,0,0,0,0,AR,0.0,nan,[]
ZTRD,2 X X C,10113011,0.0,0.0,0.0,0.0,0.0,0.0,0.0,0.0,0.0,0.0,0.0,0.0,AR,0.0,nan,[]
ZTRD,2 X X E,10113025,0,0,0,0,0,0,0,0,0,0,0,0,AR,0.0,nan,[]
ZTRD,2 X X F,10115000,0,0,0,0,0,0,0,0,0,0,0,0,AR,0.03,nan,[]
ZTRD,2 Y A C,10118019,0,0,0,0,0,0,0,0,0,0,0,0,AR,0.0,nan,[]
ZTRD,2 Y A E,10118420,235.35,0,120.28,45.92,9.6,0.39,4.96,0,0,0,540.42,0,AR,28.84,nan,[]
ZTRD,2 Y A F,10118421,3.27,1.3,0.32,0,0,0,0.3,0.58,1.51,1.68,0.66,1.73,AR,1.77,inf,[]
ZTRD,2 Y Y C,10118422,0,0,0.04,0.08,0.05,0,0.15,1.98,0,0.06,0.17,0,AR,0.71,nan,[]
ZTRD,2 Y Y E,10118423,0,0,0,0,0.81,0,0,0,0,0,0.8,0,AR,0.87,nan,[]
ZTRD,3 A C C,10118563,2.83,1.73,0,1.65,0,0,9.84,1.63,2.24,0,0.54,0,AR,4.77,nan,[]
ZTRD,3 A C F,10122290,0.05,0.06,0.73,0.1,0.1,0.88,0.1,0.08,0.37,0.03,-0.0,0,AR,0.46,nan,[]
ZTRD,3 A D B,10122355,0.0,0.0,0.0,0.0,0.0,0.0,0.0,0.0,0.0,0.0,0.0,0.0,AR,0.0,nan,[]
ZTRD,3 A D C,10122361,0.0,0.0,0.0,0.0,0.0,0.0,0.0,0.0,0.0,0.0,0.0,0.0,AR,0.0,nan,[]
ZTRD,3 A D E,10124010,0.0,0.0,0.0,0.0,0.0,0.0,0.0,0.0,0.0,0.0,0.0,0.0,AR,0.0,nan,[]
ZTRD,3 A D F,10124011,0,0,0,0,0,0,0,0,0,0,0,0,AR,0.0,nan,[]
ZTRD,3 A G B,10124164,0.0,0.0,0.0,0.0,0.0,0.0,0.0,0.0,0.0,0.0,0.0,0.0,AR,0.0,nan,[]
ZTRD,3 A G C,10124409,-0.0,-0.0,-0.0,-0.0,-0.0,-0.0,-0.0,-0.0,-0.0,-0.0,-0.0,-0.0,AR,0.3,inf,[]
ZTRD,3 A G E,10125003,0,0,0,0,0,0,0,0,0,0,0,0,AR,0.0,nan,[]
ZTRD,3 A G F,10125011,-0.0,-0.0,-0.0,-0.0,-0.0,-0.0,-0.0,-0.0,-0.0,-0.0,-0.0,-0.0,AR,0.0,nan,[]
ZTRD,3 A K E,10125110,0.0,0.0,0.0,0.0,-0.0,0.0,-0.0,-0.0,0.0,-0.0,-0.0,0.0,AR,0.3,inf,[]
ZTRD,3 A K F,10125164,0,1.23,1.1,0.07,0.66,0.03,0.92,0,0.23,1.01,0.1,1.43,AR,0.61,nan,[]
ZTRD,3 A L E,10126102,0.17,0.06,0.05,0,0,0.17,0.18,0.03,0.07,-0.0,0,0,AR,0.26,nan,[]
ZTRD,3 A M E,10126301,0,0,0,0,0,0,0,0,0,0,0,0,AR,0.0,nan,[]
ZTRD,3 A N E,10126609,0.83,0.81,0.79,0.77,0.77,0.77,0.77,0.77,30.77,0.77,0.77,0.77,AR,8.66,nan,[]
ZTRD,3 A X B,10127100,0.0,0.0,0.0,0.0,0.0,0.0,0.0,0.0,0.0,0.0,0.0,0.0,AR,0.0,nan,[]
ZTRD,3 A X C,10127230,0.25,0,0,0.01,0.77,0.44,0,0.15,0.4,0,0.26,-0.0,AR,0.52,nan,[]
ZTRD,3 A X D,10127260,0,0,0,0,0,0,0,0,0,0,0,0,AR,0.0,nan,[]
ZTRD,3 A X E,10127280,0,0,0,0,0,0,0,0,0,0,0,0,AR,0.0,nan,[]
ZTRD,3 A X F,10127340,0.32,1.49,0,0.04,0.29,1.4,1.57,1.74,0,0.22,0.98,0,AR,1.27,nan,[]
ZTRD,3 B B E,10127370,0.53,0.45,0.46,0.51,1.06,1.25,1.12,1.11,1.18,1.27,2.62,2.87,AR,0.41,nan,[]
ZTRD,3 B X C,10127405,4.18,0,2.81,0,6.2,0,4.0,0.14,2.31,0.11,2.68,0,AR,2.25,inf,[]
ZTRD,3 B X E,10127410,0.99,0,0,0,0,0,0,0,0,0,0,0,AR,0.36,nan,[]
ZTRD,3 B X F,10127415,0.12,0.57,0.36,0.43,0.7,0.11,0.48,0,0.01,0.38,0.36,0.15,AR,0.4,nan,[]
ZTRD,3 C B C,10127420,0,0.02,0,0,0,0.97,0,0.07,0,0,0,0,AR,0.29,nan,[]
ZTRD,3 C C A,10127430,1.02,0.02,0.02,0.02,0.02,0.02,0.02,0.02,0.02,0.02,0.02,0.02,AR,0.29,nan,[]
ZTRD,3 C C E,10127450,2.02,3.1,0.85,2.4,0.26,1.37,0.42,0.02,0,0.46,0.69,1.77,AR,1.46,nan,[]
ZTRD,3 C D C,10127470,0.0,0.0,0.0,0.0,-0.0,0.0,-0.0,-0.0,0.0,-0.0,-0.0,0.0,AR,0.3,inf,[]
ZTRD,3 C X E,10127490,1.22,0,0,0.18,0.31,0,0,0.93,0.04,0,0,1.06,AR,0.72,inf,[]
ZTRD,3 D A A,10127492,3.34,0.44,0,0.22,0.25,0,0.15,2.34,0,0,0,0.59,AR,1.41,nan,[]
ZTRD,3 D A E,10127540,0,1.06,1.66,1.87,1.37,0,0.32,0.33,1.33,0,0.58,0,AR,0.84,nan,[]
ZTRD,3 X A A,10127550,0,0,1.2,0,0.05,0.18,0,0,0.05,0.19,0,0,AR,0.58,nan,[]
ZTRD,3 X A C,10127560,0.95,1.52,0.47,0.14,0.42,0.73,0.6,0.94,0.09,0,0.1,0.33,AR,0.72,nan,[]
ZTRD,3 X A E,10127570,0.45,1.12,0,0.94,0,0.91,-0.0,0.02,0,0,0.1,0.98,AR,1.51,nan,[]
ZTRD,3 X B A,10127580,-0.0,-0.0,-0.0,-0.0,-0.0,-0.0,-0.0,-0.0,-0.0,-0.0,-0.0,-0.0,AR,0.31,inf,[]
ZTRD,3 X B C,10127590,0,0,0,0,0,0,0,0,0,0,0,0,AR,0.0,nan,[]
ZTRD,3 X B E,10127595,0,0,1.09,0.56,0.38,0.11,2.04,0,0.46,0,0.45,0.49,AR,1.46,nan,[]
ZTRD,3 X B F,10127600,0,1.74,0,0,0.15,0.03,0,0,0,0.14,0,0.72,AR,1.06,nan,[]
ZTRD,3 X C C,10127610,0,-0.0,-0.0,-0.0,-0.0,-0.0,-0.0,-0.0,-0.0,-0.0,-0.0,-0.0,AR,0.0,nan,[]
ZTRD,3 X C E,10127620,0.18,0,1.54,0,0,0.93,0.94,1.12,0.18,0.06,0.08,0.23,AR,1.0,nan,[]
ZTRD,3 X D A,10127630,0.08,0.04,0,0.93,0,0,0,0,0,0,0,0,AR,0.33,nan,[]
ZTRD,3 X D C,10127650,1.31,0.25,0.29,0,0,0.48,0,1.12,1.59,0,0,1.34,AR,0.91,nan,[]
ZTRD,3 X X C,10127690,0.15,0.59,0,1.34,0.39,0.52,0,0.64,0.28,0,0,0,AR,0.75,nan,[]
ZTRD,3 X X E,10127750,0.8,0.11,0,0,0,0,0,0,0,0,0.78,0.04,AR,0.5,nan,[]
ZTRD,3 X X F,10127900,0,0,0,0,0,0,0,0,0,0,0,0,AR,0.0,nan,[]
ZTRD,3 X X G,10127998,0,0,0,0,0,0,0,0,0,0,0,0,AR,0.0,nan,[]
ZTRD,3 Y Y C,10144026,0.0,0.0,0.0,0.0,0.0,0.0,0.0,0.0,0.0,0.0,0.0,0.0,AR,0.0,nan,[]
ZTRD,3 Z Z A,10145004,0.0,0.0,0.0,0.0,0.0,0.0,0.0,0.0,0.0,0.0,0.0,0.0,AR,0.0,nan,[]
ZTRD,3 Z Z B,10154003,0.02,1.19,0.02,0,0.02,0.01,0.01,0.03,0.19,0.02,0,0.01,AR,0.48,inf,[]
ZTRD,3 Z Z C,10154005,-0.0,-0.0,-0.0,-0.0,-0.0,-0.0,-0.0,-0.0,-0.0,-0.0,-0.0,-0.0,AR,0.3,inf,[]
ZTRD,3 Z Z E,10154006,0.0,0.0,0.0,0.0,-0.0,0.0,-0.0,-0.0,0.0,-0.0,-0.0,0.0,AR,0.3,inf,[]
ZTRD,4 B X C,10154008,0.0,0.0,0.0,0.0,-0.0,0.0,-0.0,-0.0,0.0,-0.0,-0.0,0.0,AR,0.3,inf,[]
ZTRD,4 E A C,10154010,0,0,0,0,0,0,0,0,0,0,0,0,AR,0.0,nan,[]
ZTRD,4 X X C,10155000,0,0.22,0,0,0.07,0,0,0,0,0.07,0,0.13,AR,0.26,nan,[]
ZTRD,4 Y Y C,10155001,0,0,0,0,0,0,0,0,0,0,0,0,AR,0.0,nan,[]
ZTRD,5 A A C,10235200,0,0.62,0.13,0.91,0.15,0,0.15,0,0,0.01,0,0,AR,0.53,nan,[]
ZTRD,5 A D C,10235203,-0.0,-0.0,1.0,-0.0,-0.0,-0.0,0.0,0.0,-0.0,-0.0,0.0,0.0,AR,0.29,nan,[]
ZTRD,5 A D E,10235204,-0.0,-0.0,1.0,-0.0,-0.0,-0.0,0.0,0.0,-0.0,-0.0,0.0,0.0,AR,0.29,nan,[]
ZTRD,5 A E C,10235208,0,0,19.19,0,0,0,0,0,0,0,0,0,AR,5.77,nan,[]
ZTRD,5 A E E,10250762,0.0,0.0,0.0,0.0,0.0,0.0,0.0,0.0,0.0,0.0,0.0,0.0,AR,0.0,nan,[]
ZTRD,5 A E F,10280015,0,0.07,0.31,0,0,0,0.12,0.04,0,0.9,0,0.08,AR,0.29,nan,[]
ZTRD,5 A X C,10280265,0,0,0,0,0,0,0,0,0,0,0,7.74,AR,0.11,nan,[]
ZTRD,5 A X E,10280316,0,0,0,0,0,0,0,0,0,0,0,0,AR,0.0,nan,[]
ZTRD,5 S W E,10290115,0.18,0,0.18,0.09,4.02,0.09,0.09,0.06,0.09,0,0.44,0,AR,1.15,nan,[]
ZTRD,5 X X E,10290160,0.65,0.65,0.32,0,0.06,0.06,0.26,10.35,0.29,0.28,0.24,0.25,AR,7.74,inf,[]
ZTRD,5 Z Z A,10290237,0.0,0.0,0.0,0.0,0.0,0.0,0.0,0.0,0.0,0.0,0.0,0.0,AR,0.0,nan,[]
ZTRD,5 Z Z C,10290247,2.34,0,0.64,1.47,0,1.7,0.64,0.59,0.71,0.69,0,0,AR,2.25,nan,[]
ZTRD,5 Z Z E,10290274,0.0,0.0,0.0,0.0,0.0,0.0,0.0,0.0,0.0,0.0,0.0,0.0,AR,0.0,nan,[]
ZTRD,5 Z Z H,10290299,0.07,0.44,0.16,0,0.09,0.06,0,0.31,0,0,0,0,AR,0.52,nan,[]
ZTRD,6 C C J,10290300,0.03,0.03,0.03,0.03,0.03,0.03,0.03,0.03,0.03,0.03,0.03,1.03,AR,0.29,nan,[]
ZTRD,6 X A G,10290317,7.58,0.3,0,2.2,6.96,1.91,1.55,0.46,0,2.86,-0.0,0.88,AR,7.99,nan,[]
ZTRD,6 X B G,10290318,0,0,4.76,6.68,4.53,0,0.1,0,1.0,2.11,0,0,AR,17.0,nan,[]
ZTRD,6 X X G,10290319,0,0,0.11,0,0.11,0,1.06,0.09,0,0.07,0,0.04,AR,0.29,nan,[]
ZTRD,6 X Y G,10290333,0.0,0.0,0.0,0.0,0.0,0.0,0.0,0.0,0.0,0.0,0.0,0.0,AR,0.3,inf,[]
ZTRD,6 X Z G,10290420,0.65,0,18.3,15.45,9.89,6.11,24.76,12.76,45.17,13.43,5.0,0,AR,7.63,inf,[]
ZTRD,7 D A B,10290421,0,102.15,0,64.34,0,56.13,0,123.19,0,445.25,0,713.54,AR,31.34,nan,[]
ZTRD,7 D A C,10290566,0,0,0,0,0,0,0,0,0,0,0,0,AR,0.0,nan,[]
ZTRD,7 D Z B,10290599,6.45,0,5.4,0,1.78,0,23.43,0,28.85,0,20.98,0,AR,5.1,nan,[]
ZTRD,9 Z Z Z,10290607,0,0,0,0,0,0,0,0,0,0,0,0,AR,0.0,nan,[]
ZTRD,B E 01,10290647,0,0,0,1.9,0,0,0,0,0,1.06,0,0.07,AR,0.69,nan,[]
ZTRD,G A A A,10290659,0.49,0.29,0,0,0,0,0.16,0.44,0,0.59,0.58,0.2,AR,0.68,nan,[]
ZTRD,G A A E,10290778,0,0,0,0,0,0,0,0,0,0,0,0,AR,0.25,nan,[]
ZTRD,G B A A,10290786,0.0,0.0,0.0,0.0,0.0,0.0,0.0,0.0,0.0,0.0,0.0,0.0,AR,0.0,nan,[]
ZTRD,G B A E,10290859,4.98,0.45,9.23,0,2.03,0,11.53,0,4.32,0.45,15.35,2.54,AR,5.13,nan,[]
ZTRD,G B D C,10290866,0.0,0.0,0.0,0.0,0.0,0.0,0.0,0.0,0.0,0.0,0.0,0.0,AR,0.0,nan,[]
ZTRD,S A A A,10300011,0,0,0,0,0,0,0,0,0,0,0,0,AR,0.0,nan,[]
ZTRD,S A E A,10300225,0.0,0.0,0.0,0.0,0.0,0.0,0.0,0.0,0.0,0.0,0.0,0.0,AR,0.0,nan,[]
ZTRD,S B A G,10392310,-0.0,-0.0,-0.0,-0.0,-0.0,-0.0,-0.0,-0.0,-0.0,-0.0,-0.0,-0.0,AR,0.0,nan,[]
ZTRD,S B B G,10392347,0.18,0.17,0.16,0.17,0.17,0.17,0.17,0.17,0.19,0.18,0.18,0.18,AR,0.28,inf,[]
ZTRD,S B C G,10392348,0,0,0,0,0,0,0,0,0,0,0,0,AR,0.0,nan,[]
ZTRD,S B D G,10392547,0,0,0,0,0,0,0,0,0,0,0,0,AR,0.0,nan,[]
ZTRD,S B F G,10520629,0,0.79,5.27,2.44,0,0,0,0,0,0,0,0,AR,4.77,nan,[]
ZTRD,S C A E,10570099,-0.0,-0.0,-0.0,-0.0,-0.0,-0.0,-0.0,-0.0,-0.0,-0.0,-0.0,-0.0,AR,0.3,inf,[]
ZTRD,0 B C E,10570134,-0.0,-0.0,-0.0,-0.0,-0.0,-0.0,-0.0,-0.0,-0.0,-0.0,-0.0,-0.0,AR,0.3,inf,[]
ZTRD,0 B I F,10612003,1.22,0.57,0,0,1.69,0,0.33,0.3,0.06,0,0.87,0.92,AR,2.05,nan,[]
ZTRD,0 B J C,10612004,0,0,0,0,0,0,0,0,0,0,0,0,AR,0.1,nan,[]
ZTRD,0 B J E,10612016,0.02,0,0,0,0,0,0,0,0,0,0.03,0,AR,0.54,nan,[]
ZTRD,0 C F E,10612064,0,0,0,0,0,0,0,0,0,0,0,0,AR,0.0,nan,[]
ZTRD,0 C G E,10612065,0.03,0.03,1.03,0.03,0.03,0.03,0.03,0.03,0.03,0.02,0.02,0.03,AR,0.29,nan,[]
ZTRD,0 C G F,10612068,0.03,0.03,0.03,0.03,0.03,0.03,0.03,0.03,1.03,0.03,0.03,0.03,AR,0.29,nan,[]
ZTRD,1 A B E,10612121,0,0,0,0,0,0,0,0,0,0,0,0,AR,0.0,nan,[]
ZTRD,1 A E E,10612156,0,0,0,0,3.97,0,0,0,0,0,0,0,AR,1.15,nan,[]
ZTRD,1 A H E,10612251,0,0,0,0,0,0,0,0,0,0,0,0,AR,0.26,nan,[]
ZTRD,1 A X E,10612252,0,0,0,0,0,0,0,0,0,0,0,0,AR,0.0,nan,[]
ZTRD,1 A X F,10612340,10.42,23.72,2.17,16.36,9.39,7.75,18.89,18.79,11.81,6.5,9.98,10.32,AR,15.07,inf,[]
ZTRD,1 B A E,10612341,0,1.5,10.87,21.41,2.54,0,0,0,5.38,5.46,0,0,AR,23.11,inf,[]
ZTRD,1 B D E,10612342,0.43,6.49,3.0,3.85,3.37,0,7.38,0,5.75,9.16,2.06,0,AR,8.38,nan,[]
ZTRD,1 S Y G,10612343,8.24,0.14,7.79,22.39,3.88,10.97,7.01,18.41,13.42,7.74,30.5,8.55,AR,13.38,inf,[]
ZTRD,1 Y Y C,10612345,2.72,0,0,0,0,0.88,1.76,0,1.15,0,3.81,0,AR,14.36,nan,[]
ZTRD,2 A C E,10612346,0.09,0,7.65,3.1,10.04,0,0,0.59,2.23,0,8.51,0,AR,7.01,nan,[]
ZTRD,2 A G E,10612347,0.99,0,0.25,0,0.19,0,1.27,0,3.46,0,0,0,AR,1.33,nan,[]
ZTRD,2 A I B,10612501,390.73,331.14,395.23,384.56,242.62,300.44,409.54,428.37,245.46,97.11,376.7,295.43,AR,153.75,43.76,[]
ZTRD,2 A I C,10612502,46.17,46.68,82.41,93.45,35.49,24.09,47.45,36.13,58.8,21.98,68.02,13.3,AR,54.12,157.48,[]
ZTRD,2 A I E,10612503,12.65,0.11,1.67,0,0,1.48,0.19,0,1.04,0.04,0,0.18,AR,3.86,inf,[]
ZTRD,2 A I F,10612504,7.72,14.29,11.16,21.67,10.19,9.94,0.79,3.29,7.11,12.34,12.35,21.52,AR,8.19,nan,[]
ZTRD,2 A J B,10612510,62.35,73.08,75.71,40.83,75.33,52.72,98.39,67.83,48.12,52.65,134.7,65.76,AR,46.16,57.96,[]
ZTRD,2 A J C,10612511,0,2.94,0,5.81,4.13,0.35,7.5,4.26,0.59,1.48,2.65,3.53,AR,3.94,nan,[]
ZTRD,2 A J E,10612512,36.46,92.45,143.56,98.09,104.92,47.1,64.89,130.95,86.79,85.31,83.33,69.88,AR,59.53,56.3,[]
ZTRD,2 A J F,10612513,1297.15,1198.35,597.06,1019.56,631.4,1383.82,666.0,1153.13,758.23,796.02,951.25,451.48,AR,465.07,50.09,[]
ZTRD,2 A K C,10612516,0,0,0,0,0,0,0,0,0,0,0,0,AR,4.21,nan,[]
ZTRD,2 A K E,10612517,0,0,0,0,0,0,0,0,0,0,0,0,AR,1.24,nan,[]
ZTRD,2 A K F,10612518,44.14,37.7,29.02,70.06,26.46,5.18,19.88,25.44,22.62,8.16,37.28,54.4,AR,27.33,89.08,[]
ZTRD,2 A L E,10612523,5797.84,3041.8,8360.75,2076.87,5791.39,5903.43,6737.21,10607.84,2004.34,6406.99,6711.82,4552.76,AR,3692.15,101.83,[]
ZTRD,2 A M C,10612530,6.75,1.46,12.7,4.71,0,2.35,12.8,3.2,8.68,12.05,9.3,36.52,AR,11.84,nan,[]
ZTRD,2 A M E,10612532,140.19,9.74,16.98,12.66,0,0,0,19.4,0,2.83,15.32,0.26,AR,41.23,nan,[]
ZTRD,2 A P B,10612533,64.16,9.94,58.47,34.24,26.71,24.82,9.02,26.61,20.99,41.5,69.44,49.62,AR,27.38,105.08,[]
ZTRD,2 A P C,10612534,12.79,25.28,4.56,0,14.83,0,32.88,17.9,12.55,9.38,3.42,2.46,AR,14.17,nan,[]
ZTRD,2 A P E,10612535,6.9,0,3.08,0,0,0,0,0,0,0,0,0,AR,3.0,nan,[]
ZTRD,2 A P F,10612543,0.0,0.0,0.0,0.0,0.0,0.0,0.0,0.0,0.0,0.0,0.0,0.0,AR,0.0,nan,[]
ZTRD,2 A X C,10612544,0.03,0.46,0.03,0.12,0.04,0,0.04,0.17,0.04,0.87,0.04,0.08,AR,0.3,nan,[]
ZTRD,2 A X E,10612545,0.0,0.0,0.0,0.0,0.0,0.0,0.0,0.0,0.0,0.0,0.0,0.0,AR,0.3,inf,[]
ZTRD,2 A X F,10612546,0,0,0,0,0,0,0,0,0,0,0,0,AR,0.0,nan,[]
ZTRD,2 A Y E,10612548,6.93,3.9,0.56,0.61,2.13,0.59,0,0,5.94,5.81,1.53,0,AR,8.46,nan,[]
ZTRD,2 B A C,10612549,0,0,0,0,0,0,0,0,0,0,0,0,AR,0.0,nan,[]
ZTRD,2 B A E,10612550,-0.0,0,0.31,0,0.23,0,0,0,0.05,0.02,0,0,AR,0.4,nan,[]
ZTRD,2 B A F,10612552,24.65,14.03,30.4,36.1,33.99,16.26,26.23,17.69,37.8,37.14,15.24,24.32,AR,23.46,71.35,[]
ZTRD,2 B B C,10612553,0,10.16,0,4.34,7.1,0,7.58,1.33,5.83,6.04,7.89,1.38,AR,5.94,213.32,[]
ZTRD,2 B B E,10612554,78.73,0,90.1,24.88,28.5,10.09,58.84,23.42,67.03,14.21,30.07,48.43,AR,47.52,83.15,[]
ZTRD,2 B B F,10612555,33.94,2.39,0,137.41,68.53,53.9,123.04,268.1,221.31,95.89,59.73,94.62,AR,108.65,172.66,[]
ZTRD,2 B C C,10612601,0,0,0,0,0,0,0,0,0,0,0,0,AR,0.0,nan,[]
ZTRD,2 B C E,10612604,0.22,4.51,0,0,1.91,4.43,2.6,7.15,2.17,0.41,4.43,1.09,AR,3.9,130.7,[]
ZTRD,2 B C F,10612605,0,0,0,0,0,0,0,0,0,0,0,0,AR,0.55,nan,[]
ZTRD,2 B D E,10612622,0.17,0,0,0,0,0.96,0,-0.0,0,0,0,0,AR,0.29,nan,[]
ZTRD,2 B D F,10612624,2.37,8.41,1.94,0.72,8.14,9.03,4.66,5.94,4.33,0.45,4.21,2.14,AR,4.26,inf,[]
ZTRD,2 B E E,10612627,0,0,0,0,0,0,0,0,0,0,0,0,AR,0.0,nan,[]
ZTRD,2 B X C,10612628,0,0,0,0,0,0,0,0.07,0,0,0.04,0,AR,0.47,nan,[]
ZTRD,2 B X E,10612629,0.12,0.07,0,0,0.01,0,0,0.01,0,0,0,0,AR,0.24,nan,[]
ZTRD,2 B X F,10612651,0,0.19,0,0.53,0,0.06,1.75,0,0,0,0.13,0,AR,0.68,nan,[]
ZTRD,2 C A E,10612670,0,0,0,0,0,0,0,0,0,0,0,0,AR,0.29,nan,[]
ZTRD,2 C A Z,10612673,0.0,0.0,0.0,0.0,0.0,0.0,0.0,0.0,0.0,0.0,0.0,0.0,AR,0.0,nan,[]
ZTRD,2 D A C,10612674,3.24,0,3.76,0,0.08,0,0.52,0,1.18,0,14.38,0,AR,4.37,nan,[]
ZTRD,2 D A E,10612675,0,0,4.65,0,0.68,1.04,0,2.13,2.68,0,3.39,7.18,AR,3.44,nan,[]
ZTRD,2 D A F,10612680,0.13,0.07,0.0,0.05,2.06,0.05,0.05,0.05,0.05,0.05,0.05,0.05,AR,1.33,inf,[]
ZTRD,2 D B E,10612687,0,0,0,0,0,0,0,0,0,0,0,0,AR,0.0,nan,[]
ZTRD,2 D B F,10612690,0.0,-0.0,-0.0,0.0,0.0,0.0,0.0,0.0,0.0,0.0,-0.0,0.0,AR,0.59,inf,[]
ZTRD,2 D C B,10612691,0.0,0.0,0.0,0.0,0.0,0.0,0.0,0.0,0.0,0.0,0.0,0.0,AR,0.0,nan,[]
ZTRD,2 D C E,10612692,0,0,0,0,0,0,0,0,0,0,0,0,AR,0.0,nan,[]
ZTRD,2 D D E,10612702,0.0,0.0,0.0,0.0,0.0,0.0,0.0,0.0,0.0,0.0,0.0,0.0,AR,0.0,nan,[]
ZTRD,2 D D F,10612704,0.0,0.0,0.0,0.0,0.0,0.0,0.0,0.0,0.0,0.0,0.0,0.0,AR,0.31,inf,[]
ZTRD,2 D X E,10612705,0,0,0.97,0.37,0.04,0,0.16,0.01,0,0,0.8,0.19,AR,0.41,nan,[]
ZTRD,2 D X F,10612804,42.49,32.87,13.87,21.35,4.7,0.71,10.72,57.59,31.31,24.64,0,9.33,AR,21.54,inf,[]
ZTRD,2 X X C,10612805,0,0,0,0,0,0,0,0,0,0,0,0,AR,0.0,nan,[]
ZTRD,2 X X E,10612806,0.01,0.01,0.01,0.01,0.01,0.01,0.01,0.01,0.01,0.01,0.01,0.01,AR,0.01,inf,[]
ZTRD,2 X X F,10612811,0,0,0.21,1.31,3.08,0.42,1.55,1.3,0,0.18,0,0,AR,1.8,nan,[]
ZTRD,2 Y A E,10612812,0,0,0,0,0,0,0.57,0,0,0,0,0,AR,1.73,inf,[]
ZTRD,2 Y A F,10612814,8.54,0,0,0.08,8.79,15.73,4.79,0.22,1.12,0,0.14,3.08,AR,5.0,nan,[]
ZTRD,2 Y Y C,10612816,0.11,0.15,0.07,1.04,1.01,0.02,0.02,0.08,1.09,0.07,0.06,0.04,AR,0.26,nan,[]
ZTRD,3 A D B,10612818,2.9,3.09,8.28,9.7,0,8.89,11.21,0.13,6.33,0.36,1.22,6.59,AR,6.83,inf,[]
ZTRD,3 A D C,10612819,7.83,0,6.57,0,7.57,0.8,4.33,1.91,7.39,0,7.11,2.79,AR,9.49,nan,[]
ZTRD,3 A D E,10612823,0.03,0.03,0.03,0.03,0.03,0.03,0.03,0.03,0.03,0.03,1.03,0.03,AR,0.29,nan,[]
ZTRD,3 A D F,10612825,0.2,0,1.39,0,3.11,3.06,0,722.83,0,2122.12,0,0,AR,0.91,nan,[]
ZTRD,3 A G B,10612857,0.0,0.0,0.0,0.0,0.0,0.0,0.0,0.0,0.0,0.0,0.0,0.0,AR,0.0,nan,[]
ZTRD,3 A G C,10613001,0,0,5.07,4.53,2.45,0.45,0,1.47,0,2.3,2.76,0.32,AR,1.96,nan,[]
ZTRD,3 A G E,10613002,65.15,0,0,10.11,11.76,33.21,60.65,79.43,0,0,25.77,18.31,AR,63.44,1183.43,[]
ZTRD,3 A G F,10613003,2.82,17.24,0,3.48,1.32,2.94,1.87,0,1.61,2.43,0,0.31,AR,6.51,inf,[]
ZTRD,3 A K E,10613004,0,0.05,0.27,0,0.19,0.2,0.86,0.13,0,1.04,0.03,0,AR,0.41,nan,[]
ZTRD,3 A K F,10613005,0.06,0,1.24,1.73,0.48,0.24,0.47,0.31,0.18,1.45,1.18,0.44,AR,0.86,nan,[]
ZTRD,3 A L E,10613006,0.04,0.2,0,0,0,0.01,0,0,0.75,0,0,0,AR,0.29,nan,[]
ZTRD,3 A M E,10613010,0,0,0,0,0,0,0,0,0,0,0,0,AR,0.0,nan,[]
ZTRD,3 A N E,10613011,0,0.24,1.74,1.4,0.19,2.86,0,0,5.9,0.71,0,0,AR,6.72,nan,[]
ZTRD,3 A X B,10613012,0.49,2.26,2.12,4.83,4.71,3.06,1.5,1.29,7.76,5.71,0.98,3.15,AR,2.79,nan,[]
ZTRD,3 A X C,10613013,0,0,0,0.13,0,0.96,0,0,1.92,0,0,0,AR,0.87,nan,[]
ZTRD,3 A X E,10613014,1.32,2.89,0,0,3.69,0,0.06,0.68,1.52,0.39,0,0,AR,6.19,nan,[]
ZTRD,3 A X F,10613015,1.62,2.95,0.4,2.16,1.18,0.22,0.16,0.13,0.19,0.27,0.1,0.32,AR,1.05,inf,[]
ZTRD,3 B B E,10613019,0.0,0.0,0.0,0.0,0.0,0.0,0.0,0.0,0.0,0.0,0.0,0.0,AR,0.0,nan,[]
ZTRD,3 B C E,10613020,4.25,2.85,8.27,6.0,3.3,5.08,8.89,14.56,0.82,2.44,1.08,7.07,AR,5.33,176.05,[]
ZTRD,3 B X B,10613022,4.42,0.91,1.8,5.95,3.81,1.33,1.15,1.14,3.46,2.56,2.06,1.47,AR,2.65,inf,[]
ZTRD,3 B X C,10613029,11.63,1.27,1.14,3.44,0,3.1,0,0,0,0,0,0,AR,15.01,nan,[]
ZTRD,3 B X E,10613030,0,0,0,0,0,0.82,0,0,0,0.88,0,0,AR,0.62,nan,[]
ZTRD,3 B X F,10613031,0.25,5.52,8.96,2.62,1.52,0.43,2.69,2.91,2.5,2.31,3.31,0.24,AR,3.35,nan,[]
ZTRD,3 C B A,10613033,0,1.03,0.6,0.29,0,0,0,0.7,0.11,2.89,0.98,0.03,AR,2.73,nan,[]
ZTRD,3 C B B,10613035,10.1,11.42,34.71,18.52,12.61,0,17.91,0,8.14,9.32,14.29,9.74,AR,10.49,inf,[]
ZTRD,3 C B C,10613036,0.01,0.01,0.01,0.01,0.01,0.35,0.01,0.01,0.01,0.0,0.0,0.0,AR,0.3,nan,[]
ZTRD,3 C C A,10613037,0.08,0,0.05,0,0,0.07,1.05,0.04,1.06,1.04,0.06,0.05,AR,0.5,nan,[]
ZTRD,3 C C E,10613038,6.08,7.56,13.07,7.12,0,1.35,0.6,0,10.57,0,4.0,0,AR,8.64,nan,[]
ZTRD,3 C D C,10613046,0.99,0.32,0.38,1.03,0.31,0,1.11,0,0,0.21,0,0,AR,0.73,nan,[]
ZTRD,3 C X E,10613048,406.08,19.16,131.4,97.68,110.33,177.87,0,122.08,174.37,161.36,103.27,14.83,AR,236.57,311.84,[]
ZTRD,3 D A A,10613049,319.4,153.74,50.41,25.78,61.29,185.72,79.23,72.84,64.69,217.61,119.14,55.71,AR,104.99,73.31,[]
ZTRD,3 D A E,10613053,0,0,0,0,0,0,0,0,0,0,0,0,AR,0.13,nan,[]
ZTRD,3 X A A,10613056,0.01,0.07,2.07,0.07,0.07,0.06,0.04,0.04,0.04,0.04,0.05,0.05,AR,0.58,nan,[]
ZTRD,3 X A C,10613081,0.0,0.0,0.0,0.0,0.0,0.0,0.0,0.0,0.0,0.0,0.0,0.0,AR,0.0,nan,[]
ZTRD,3 X A E,10613086,0.06,0.06,0.06,0.06,0.03,1.03,0.03,0.03,0.03,0.03,0.04,0.03,AR,0.29,nan,[]
ZTRD,3 X B A,10613094,0.0,0.0,0.0,0.0,0.0,0.0,0.0,0.0,0.0,0.0,0.0,0.0,AR,0.0,nan,[]
ZTRD,3 X B C,10613100,0.23,19.87,2.15,0.47,2.48,1.59,1.53,0.58,0.53,0.55,0.52,1.51,AR,5.87,inf,[]
ZTRD,3 X B E,10613101,0.27,0.18,0.29,0.15,0.07,0,0,0,0.15,0.0,0.17,0.08,AR,0.85,nan,[]
ZTRD,3 X B F,10613102,0,0,0,0,0,0,0,0,0,0,0,0,AR,0.01,nan,[]
ZTRD,3 X C C,10614006,3.92,3.83,5.08,8.4,0.75,1.19,0.0,0.73,2.81,0,0,2.8,AR,3.66,nan,[]
ZTRD,3 X C E,10614007,0.14,0.43,0,0,0.03,0.51,0,0.56,1.45,0.59,0.73,0.67,AR,0.79,inf,[]
ZTRD,3 X D A,10614022,0.0,0.0,0.0,0.0,0.0,0.0,0.0,0.0,0.0,0.0,0.0,0.0,AR,0.0,nan,[]
ZTRD,3 X D C,10614023,0,0,0,0,0,0,0,0,0,0,0,0,AR,0.0,nan,[]
ZTRD,3 X X E,10614025,0.0,0.0,0.0,0.0,0.0,0.0,0.0,0.0,0.0,0.0,0.0,0.0,AR,0.0,nan,[]
ZTRD,3 X X F,10615157,0,0,0,0,0,0,0,0,0,0,0,0,AR,0.83,inf,[]
ZTRD,3 Y Y C,10619001,4.77,2.66,0,3.69,3.01,0.8,4.81,1.54,5.48,6.62,0,0.91,AR,4.8,inf,[]
ZTRD,3 Z Z A,10619003,1.62,1.71,3.19,2.85,5.98,0,2.02,0.64,0.35,0.4,0.82,0.59,AR,3.39,inf,[]
ZTRD,3 Z Z B,10619007,8.04,13.2,6.32,0.44,6.97,1.07,2.57,0,0.37,0.95,10.22,4.81,AR,5.18,nan,[]
ZTRD,3 Z Z C,10619011,4.09,25.39,13.14,92.48,4.5,13.01,5.57,1.54,1.31,3.39,1.81,7.67,AR,24.91,nan,[]
ZTRD,3 Z Z E,10619012,0.0,0.0,0.0,0.0,0.0,0.0,0.0,0.0,0.0,0.0,0.0,0.0,AR,0.0,nan,[]
ZTRD,3 Z Z F,10619014,0,5.49,15.85,4.37,1.62,1.47,1.24,2.42,0.45,1.65,0.53,1.42,AR,5.08,nan,[]
ZTRD,4 Y Y C,10619015,0.84,0,0.33,0.21,0,0.51,0,0.07,0,0,0.78,0,AR,1.97,nan,[]
ZTRD,5 A D C,10619016,7.02,0,0,0,12.66,0.19,5.37,0,2.05,0,3.57,0.3,AR,5.57,nan,[]
ZTRD,5 A D E,10619017,2.71,17.78,24.28,5.0,7.28,6.18,6.72,3.89,11.38,7.66,2.05,9.07,AR,6.34,inf,[]
ZTRD,5 A E C,10619018,1.95,0,0,0,0.56,0.23,0.14,0.2,2.18,0.19,0.13,0,AR,0.99,inf,[]
ZTRD,5 A E E,10619020,0.28,0,0.28,1.14,0,0,0.02,0.01,0,0,0.97,0.95,AR,0.8,nan,[]
ZTRD,5 A E F,10619021,2.74,5.96,8.11,0.29,0,3.99,3.07,2.68,56.67,0,0,2.61,AR,16.31,nan,[]
ZTRD,5 A X C,10619025,0,0,0,0,0,0,0,0,0,0,0,0,AR,0.0,nan,[]
ZTRD,5 A X E,10619027,0.0,0.0,0.0,0.0,-0.0,0.0,-0.0,-0.0,0.0,-0.0,-0.0,0.0,AR,0.3,inf,[]
ZTRD,5 S W E,10619030,0.89,0.06,0.74,0.62,1.79,0.15,4.39,0,2.91,2.81,1.65,1.62,AR,2.98,nan,[]
ZTRD,5 X X E,10619039,0.0,0.0,0.0,0.0,0.0,0.0,0.0,0.0,0.0,0.0,0.0,0.0,AR,0.3,inf,[]
ZTRD,6 C C J,10619040,0,0.22,0.72,0.5,0.27,0.11,1.14,0.09,0.43,0.12,0.14,2.04,AR,0.71,nan,[]
ZTRD,6 X A G,10619050,2.79,3.61,9.67,1.28,6.39,0.78,2.88,6.26,3.53,12.21,1.93,3.05,AR,3.2,nan,[]
ZTRD,6 X B G,10619051,0,0,0,0,0,0,0,0,0,0,0,0,AR,0.38,nan,[]
ZTRD,6 X X G,10619052,0.0,0.0,0.0,0.0,0.0,0.0,0.0,0.0,0.0,0.0,0.0,0.0,AR,0.6,inf,[]
ZTRD,6 X Y G,10619053,0,0.81,0.56,0.12,0.08,0.07,0.2,0.06,-0.0,0.7,0.22,0.18,AR,0.99,inf,[]
ZTRD,6 X Z G,10619055,0.0,0.0,0.0,0.0,0.0,0.0,0.0,0.0,0.0,0.0,0.0,0.0,AR,0.0,nan,[]
ZTRD,7 D A B,10619057,0.0,0.0,0.0,0.0,0.0,0.0,0.0,0.0,0.0,0.0,0.0,0.0,AR,0.0,nan,[]
ZTRD,7 D A C,10619062,0.0,0.0,0.0,0.0,0.0,0.0,0.0,0.0,0.0,0.0,0.0,0.0,AR,0.19,nan,[]
ZTRD,7 D A E,10619063,-0.0,0.0,-0.0,-0.0,-0.0,-0.0,0.0,-0.0,0,-0.0,1.0,-0.0,AR,0.41,nan,[]
ZTRD,7 D Z C,10619064,0,0,0,0,0,0,0,0,0,0,0,0,AR,0.0,nan,[]
ZTRD,B E 01,10619068,0.0,0.0,0.0,0.0,0.0,0.0,0.0,0.0,0.0,0.0,0.0,0.0,AR,0.3,inf,[]
ZTRD,G A A A,10619070,0.07,1.15,0.06,0.05,0.25,0.05,0.03,0,0.03,0.02,0,0.02,AR,0.41,nan,[]
ZTRD,G A J E,10619103,1.28,0,2.85,8.99,2.04,0.7,4.76,0.45,4.9,2.16,1.39,1.37,AR,2.47,inf,[]
ZTRD,G B A A,10619104,8.0,1.91,4.18,6.54,1.72,5.6,4.35,1.93,2.75,6.67,4.24,2.06,AR,4.25,139.22,[]
ZTRD,G B A E,10619109,0.0,0.0,-0.0,-0.0,0.0,0.0,0.0,-0.0,0.0,0.0,-0.0,-0.0,AR,0.3,inf,[]
ZTRD,1 B C E,10619114,0,0,0,0,0,0,0,0,0,0,0,0,AR,0.0,nan,[]
ZTRD,1 B E E,10619131,0.0,0.0,0.0,0.0,0.0,0.0,0.0,0.0,0.0,0.0,0.0,0.0,AR,0.0,nan,[]
ZTRD,1 B I F,10619132,0.0,0.0,0.0,0.0,0.0,0.0,0.0,0.0,0.0,0.0,0.0,0.0,AR,0.0,nan,[]
ZTRD,1 B J C,10619140,1.21,0,1.02,0.26,1.07,1.21,0.18,0.22,2.16,2.17,2.16,0.16,AR,6.49,inf,[]
ZTRD,1 B J E,10619143,2.03,0.94,0,0.23,0.92,0.42,4.7,3.32,1.47,1.25,2.94,0.34,AR,2.37,nan,[]
ZTRD,1 B M C,10619145,0.0,0.0,0.0,0.0,0.0,0.0,0.0,0.0,0.0,0.0,0.0,0.0,AR,0.0,nan,[]
ZTRD,1 B X C,10619146,0,0,0,0,0,0,0,0,0,0,0,0,AR,0.0,nan,[]
ZTRD,1 B X G,10619147,0.0,0.0,0.0,0.0,0.0,0.0,0.0,0.0,0.0,0.0,0.0,0.0,AR,0.3,inf,[]
ZTRD,1 C A E,10619153,0.56,0,3.75,2.09,0.21,2.41,0,1.03,3.79,0.94,0.02,3.32,AR,1.87,nan,[]
ZTRD,1 B C E,10619162,15.2,5.78,9.05,23.08,25.91,27.38,21.53,19.66,33.51,23.77,23.81,19.07,AR,12.92,62.57,[]
ZTRD,1 B E E,10619163,0.03,0.03,0.03,0.03,0.03,0.03,1.03,0.03,0.03,0.03,0.03,0.03,AR,0.06,inf,[]
ZTRD,1 B I F,10619164,0,0,0,0,0,0,0,0,0,0,0,0,AR,0.29,nan,[]
ZTRD,1 B J C,10619165,0.06,0.06,0.04,1.04,0.12,0.12,0.08,1.08,0.09,0.09,0.05,0.05,AR,0.12,inf,[]
ZTRD,1 B J E,10619166,0.0,0.0,0.0,0.0,0.0,-0.0,-0.0,-0.0,-0.0,0.0,0.0,-0.0,AR,0.31,inf,[]
ZTRD,1 B M C,10619167,0,0.81,0,0.02,0,0.07,0.86,0,0.56,0,0.03,0,AR,0.54,inf,[]
ZTRD,1 B X C,10619168,0.59,0.36,1.51,0.24,1.08,0,0.01,0,0,0.77,2.11,0.64,AR,0.94,nan,[]
ZTRD,1 B X G,10619170,0,0,0,0,0,0,0,0,0,0,0,0,AR,0.23,nan,[]
ZTRD,1 C A E,10619171,0.0,0.0,0.0,0.0,0.0,0.0,0.0,0.0,0.0,0.0,0.0,0.0,AR,0.0,nan,[]
ZTRD,1 C F E,10619174,0,0,0,0,0,0,0,0,0,0,0,0,AR,0.0,nan,[]
ZTRD,1 C F F,10619175,0,0,0,0,0,0,0,0,0,0,0,0,AR,0.0,nan,[]
ZTRD,1 C G E,10619182,0,0,0.07,0,0,1.25,0,0.91,0.91,0,0.16,0.08,AR,0.71,nan,[]
ZTRD,1 C G F,10619183,6.0,0.97,2.05,1.74,0.06,1.33,1.21,0.61,0.11,1.25,2.34,0.71,AR,1.67,nan,[]
ZTRD,2 A A A,10619184,0.15,0,0.04,0.1,0.06,0.31,0.14,0,0,0,0,0,AR,0.49,nan,[]
ZTRD,2 A B E,10619185,5.07,1.19,0.11,0.83,0.93,0,3.82,0,0.01,1.37,3.35,0.43,AR,1.91,nan,[]
ZTRD,2 A C E,10619190,0,0.35,0.1,0.13,0,0,0,0,0,0,0,0,AR,0.54,nan,[]
ZTRD,2 A D A,10619191,0.13,162.25,49.52,5.8,182.28,0,66.19,0,46.45,9.68,36.61,70.35,AR,68.51,408.26,[]
ZTRD,2 A E E,10619195,0.04,0,0,0,0,0,0,0.04,0.07,0.02,0,0.07,AR,0.32,nan,[]
ZTRD,2 A H E,10619196,12.63,5.25,4.65,0,0,20.17,0,48.48,0.91,0,11.01,4.51,AR,21.63,nan,[]
ZTRD,2 A I E,10619197,0.0,0.0,0.0,0.0,0.0,0.0,0.0,0.0,0.0,0.0,0.0,0.0,AR,0.0,nan,[]
ZTRD,2 A L A,10619205,0.33,0.32,0.57,7.83,0,2.3,0,1.6,0.56,0,1.68,0,AR,2.31,nan,[]
ZTRD,2 A L F,10619209,0.0,0.0,0.0,0.0,0.0,0.0,0.0,0.0,0.0,0.0,0.0,0.0,AR,0.0,nan,[]
ZTRD,2 A X E,10619212,0,0,0,0,0,0.14,0,0,0.06,0.83,0.82,0,AR,0.41,nan,[]
ZTRD,2 A X F,10619215,0,2.16,0,0.9,0,1.16,0.6,0.62,0,0.81,0.37,3.48,AR,1.57,inf,[]
ZTRD,2 B A E,10619221,0,0,0.67,0,0,0,4.99,0,0,0,0,2.35,AR,6.78,nan,[]
ZTRD,2 B B B,10619227,0.0,0.0,0.0,0.0,0.0,0.0,0.0,0.0,0.0,0.0,0.0,0.0,AR,0.0,nan,[]
ZTRD,2 B B E,10619245,0,0,0,0.98,0,0,0,0,0,0,0,0,AR,0.02,nan,[]
ZTRD,2 B D E,10619246,0.06,0.04,0,1.04,0.1,0.02,0.02,1.02,0.02,0.03,0.03,0.02,AR,0.29,nan,[]
ZTRD,2 C X C,10619267,0,0,0,0,0,0,0,0,0,0,0,0,AR,0.0,nan,[]
ZTRD,2 S Y G,10619300,0,0,0,0,0,0,0,0,0,0,0,0,AR,0.0,nan,[]
ZTRD,2 Y Y C,10619301,0.07,0,0,0,0,0.12,0,0,0,0,0,0,AR,0.41,nan,[]
ZTRD,3 A A E,10619302,0,0,0,0,0,0,0,0,0,0,0,0,AR,0.0,nan,[]
ZTRD,3 A C C,10619303,0,0,0,0.09,0.89,0,0,0,0,0.1,0,0.15,AR,3.57,inf,[]
ZTRD,3 A C E,10619304,0.0,0.0,0.0,0.0,0.0,0.0,0.0,0.0,0.0,0.0,0.0,0.0,AR,0.3,inf,[]
ZTRD,3 A G C,10619309,0.0,0.0,0.0,0.0,0.0,0.0,0.0,0.0,0.0,0.0,0.0,0.0,AR,0.0,nan,[]
ZTRD,3 A G E,10619310,0,1.54,0,0,0,0,16.26,0,0,0,0,0,AR,17.54,nan,[]
ZTRD,3 A I B,10619311,0.0,0.0,0.0,0.0,0.0,0.0,0.0,0.0,0.0,0.0,0.0,0.0,AR,0.0,nan,[]
ZTRD,3 A I C,10619312,0,0,0,0,0,0,0,0,0,0,0,0,AR,0.0,nan,[]
ZTRD,3 A I E,10619320,0,0,0,0,0,0,0,0,0,0,0,0,AR,0.29,nan,[]
ZTRD,3 A I F,10619321,0.32,0.31,0,0,1.27,0.85,0.62,0,0.17,0,0,0,AR,0.85,nan,[]
ZTRD,3 A J B,10619323,0.46,0,0,0,0,0.44,1.56,2.14,0,0.04,3.49,0,AR,1.93,nan,[]
ZTRD,3 A J C,10619326,0.0,0.0,0.0,0.0,0.0,0.0,0.0,0.0,0.0,0.0,0.0,0.0,AR,0.0,nan,[]
ZTRD,3 A J E,10619327,0,0,0,0,0,0,0,0,0,0,0,0,AR,0.0,nan,[]
ZTRD,3 A J F,10619328,0.0,0.0,0.0,0.0,0.0,0.0,0.0,0.0,0.0,0.0,0.0,0.0,AR,0.0,nan,[]
ZTRD,3 A K C,10619339,1.32,0,0,0.18,0,0.77,0.1,0.11,2.85,0.97,0.09,0,AR,1.02,nan,[]
ZTRD,3 A K E,10619341,0.0,0.0,0.0,0.0,0.0,0.0,0.0,0.0,0.0,0.0,0.0,0.0,AR,0.0,nan,[]
ZTRD,3 A K F,10619342,0,0,0,0,0,0,0,0,0,0,0,0,AR,0.0,nan,[]
ZTRD,3 A L E,10619343,1.5,0,0.41,2.42,0.2,1.87,0.23,1.67,0.25,0.51,0.76,0.29,AR,1.59,nan,[]
ZTRD,3 A M C,10619344,9.91,2.86,9.51,0,2.22,0.3,5.61,0.73,7.58,0.84,8.48,1.67,AR,3.61,nan,[]
ZTRD,3 A M E,10619345,4.11,0.3,1.91,0,1.04,1.4,1.08,1.84,0,0.07,2.04,1.14,AR,1.58,nan,[]
ZTRD,3 A P B,10619346,4.69,4.99,1.11,9.7,0,1.78,2.0,0.11,4.87,0,2.97,2.89,AR,3.93,inf,[]
ZTRD,3 A P C,10619360,0.0,0.0,0.0,0.0,0.0,0.0,0.0,0.0,0.0,0.0,0.0,0.0,AR,0.0,nan,[]
ZTRD,3 A P E,10619361,0.56,2.12,2.95,3.72,5.52,5.31,5.34,6.37,10.19,8.78,6.57,8.81,AR,2.1,nan,[]
ZTRD,3 A P F,10619401,131.14,70.45,60.15,75.99,52.01,55.33,81.3,102.68,83.36,79.11,115.66,75.87,AR,15.53,14.13,[]
ZTRD,3 A X C,10619402,872.45,588.66,537.97,525.98,459.47,394.8,599.48,748.91,611.94,464.41,844.33,583.21,AR,142.42,20.03,[]
ZTRD,3 A X E,10619403,152.01,91.93,33.29,69.7,51.32,99.89,237.59,74.74,102.12,87.66,236.0,171.1,AR,89.82,66.62,[]
ZTRD,3 A X F,10619404,85.47,27.68,49.6,58.69,47.91,48.22,67.65,73.28,77.72,33.37,62.75,64.84,AR,20.42,32.85,[]
ZTRD,3 A Y E,10619405,10.21,5.42,2.49,2.61,1.33,0.13,0.8,0.91,0,1.9,1.11,0.93,AR,3.81,nan,[]
ZTRD,3 B A E,10619406,6.98,0.11,0,16.57,18.26,0,13.4,9.79,8.43,2.62,17.67,12.73,AR,9.51,124.01,[]
ZTRD,3 B A F,10619408,445.57,232.99,332.93,157.52,339.01,224.92,299.23,317.34,394.12,239.94,430.76,289.31,AR,73.74,18.19,[]
ZTRD,3 B B C,10619410,6.63,2.89,1.21,8.61,8.6,3.84,10.05,4.38,1.54,1.58,9.07,6.55,AR,7.8,153.53,[]
ZTRD,3 B B E,10619412,0,0.07,0.12,0,0.05,0,0,0,1.23,0.16,0.99,0.01,AR,0.53,nan,[]
ZTRD,3 B B F,10619414,1.81,2.73,1.55,1.24,3.4,1.63,0,3.73,4.49,0,3.6,2.14,AR,3.3,nan,[]
ZTRD,3 B C C,10619415,0.29,0,0,0.85,0.93,0,0.66,0.31,0.65,0.06,0.68,0.9,AR,0.56,nan,[]
ZTRD,3 B C E,10619416,0,0.57,0.35,0.29,0.2,0.4,0.79,0.5,0.68,0.84,0.12,0,AR,7.32,nan,[]
ZTRD,3 B C F,10619417,5.32,0.07,1.48,2.04,2.89,5.52,0,6.8,2.61,5.51,3.11,4.12,AR,3.62,inf,[]
ZTRD,3 B D B,10619418,0,0,0.1,0,0.01,0,0,0.02,0,0,0,0,AR,0.24,nan,[]
ZTRD,3 B D E,10619426,9.57,58.1,31.66,31.9,11.53,20.72,10.5,17.45,37.69,19.32,22.45,36.91,AR,15.19,162.36,[]
ZTRD,3 B D F,10619427,67.1,53.32,62.97,31.24,26.43,56.19,26.52,72.76,95.03,20.18,50.98,63.12,AR,41.76,95.5,[]
ZTRD,3 B E C,10619432,0,1.45,1.17,0.4,0,0.9,0.58,0.24,0,0.0,0,0,AR,2.75,inf,[]
ZTRD,3 B E E,10619434,6.15,6.05,2.83,2.09,0.37,0.23,2.06,0.63,0,2.42,5.54,1.28,AR,2.68,inf,[]
ZTRD,3 B X C,10619439,1.12,2.0,0,4.05,0,3.47,6.84,1.81,29.19,1.8,3.69,0.2,AR,9.57,inf,[]
ZTRD,3 B X E,10619440,3.25,5.22,0.55,0.12,2.53,8.5,0.75,0.22,0,1.96,0.33,0.43,AR,8.03,nan,[]
ZTRD,3 B X F,10619450,13.89,8.46,7.45,7.31,8.88,4.11,4.55,6.76,14.24,5.34,5.23,3.68,AR,5.88,78.58,[]
ZTRD,3 B Y C,10619451,19.99,10.17,9.82,0.55,11.94,4.93,6.57,12.73,9.92,2.92,8.87,5.04,AR,8.53,87.49,[]
ZTRD,3 C A A,10619452,3.61,17.86,14.0,8.4,12.24,2.3,0.94,11.64,5.34,1.01,7.31,1.55,AR,5.12,184.14,[]
ZTRD,3 C A E,10619453,5.56,29.66,-0.0,19.88,7.65,4.94,2.58,4.11,15.64,2.08,6.89,2.32,AR,10.98,nan,[]
ZTRD,3 D A C,10619454,0.0,0.0,0.0,0.0,0.0,0.0,0.0,0.0,0.0,0.0,0.0,0.0,AR,0.0,nan,[]
ZTRD,3 D A E,10619456,0,0.2,5.62,0,0,0,0,0,0,0.54,0,0.82,AR,2.06,nan,[]
ZTRD,3 D A F,10619457,0.57,1.86,0.34,0,0,1.18,0.57,0,0,0.97,0.58,0.07,AR,2.46,nan,[]
ZTRD,3 D B E,10619460,51.21,15.53,12.21,7.87,12.86,18.44,23.83,25.29,19.92,27.05,24.38,34.85,AR,11.62,38.31,[]
ZTRD,3 D B F,10619461,0.25,0.13,2.17,0,1.36,0.23,1.95,0,0,0,0.94,0,AR,1.43,nan,[]
ZTRD,3 D C C,10619463,0,0,0,0,0,0,0,0,0.86,0,0,0,AR,0.37,nan,[]
ZTRD,3 D C E,10619464,1.94,0,0,0,0,0,0,0,1.22,0.83,0,0,AR,3.9,nan,[]
ZTRD,3 D D E,10619466,1.8,0.52,0,3.63,5.51,0.92,0,3.47,7.92,0.34,0,0.73,AR,2.28,nan,[]
ZTRD,3 D D F,10619467,0,0.7,1.49,0.42,2.23,0.58,0,1.08,1.56,0.97,0.79,0.59,AR,1.25,nan,[]
ZTRD,3 D X C,10619482,0,0,0.51,0.21,0.18,0.02,2.53,0.69,0,0,0.01,0,AR,0.97,nan,[]
ZTRD,3 D X E,10619483,0,0,0,0.25,0,2.6,0,3.07,0.09,1.98,0,0.58,AR,1.4,nan,[]
ZTRD,3 D X F,10619485,0,0,0,0,0,0,0,0,0,0,0,0,AR,0.0,nan,[]
ZTRD,3 X X C,10619487,0.0,0.0,0.0,0.0,0.0,0.0,0.0,0.0,0.0,0.0,0.0,0.0,AR,0.0,nan,[]
ZTRD,3 X X E,10619488,0,0,0,0,0,0,0,0,0,0,0,0,AR,0.51,nan,[]
ZTRD,3 X X F,10619489,0.09,0.16,0,0.01,0.19,0,-0.0,0.27,0.07,0.98,0.06,0.13,AR,0.33,nan,[]
ZTRD,3 Y A C,10619490,1.66,0.52,0.16,0,0,0.21,0,0.4,0,0.3,0,0.18,AR,1.33,nan,[]
ZTRD,3 Y A E,10619491,0,0,0,0,0,0,0,0.68,0,0,0,0.01,AR,1.1,nan,[]
ZTRD,3 Y A F,10619492,0.0,0.0,0.0,0.0,0.0,0.0,0.0,0.0,0.0,0.0,0.0,0.0,AR,0.0,nan,[]
ZTRD,3 Y Y C,10619493,0,0,0,0,0,0,0,0,0,0,0,0,AR,0.09,nan,[]
ZTRD,3 Y Y E,10619494,0,0,0,0,0,0,0,0,0,0,0,0,AR,0.38,nan,[]
ZTRD,4 A C C,10619495,0,0,0,0,0,0,0,0,0,0,0,0,AR,0.05,nan,[]
ZTRD,4 A C F,10619496,0.32,0.47,0.1,0,0,0.07,0,0,0.05,0.01,0.06,0,AR,0.63,nan,[]
ZTRD,4 A D B,10619497,0.74,0.74,0.04,0,0,-0.0,0.1,0.14,0,0,0,0,AR,1.08,nan,[]
ZTRD,4 A D C,10619498,0.43,0,0,0.34,0,0.07,0,0.06,0.07,0.61,0.09,0.17,AR,0.37,nan,[]
ZTRD,4 A D E,10619499,0,0,0.68,1.42,0,0,0,0.02,3.21,3.04,0,0,AR,1.28,nan,[]
ZTRD,4 A D F,10619501,1.32,1.74,1.87,0.32,0.3,0.19,0.35,0.13,0.41,0,0.67,9.7,AR,2.18,nan,[]
ZTRD,4 A G B,10619508,19.94,13.05,7.08,10.13,17.08,0,11.03,9.19,8.61,12.98,20.62,0,AR,11.33,inf,[]
ZTRD,4 A G C,10619509,3.56,4.95,9.94,9.03,5.88,0.7,0.67,2.81,2.74,1.89,1.08,3.2,AR,4.93,206.05,[]
ZTRD,4 A G E,10619511,3.92,5.05,0,2.49,3.71,2.16,4.77,3.81,1.75,2.4,4.14,3.87,AR,3.37,inf,[]
ZTRD,4 A G F,10619512,3.17,3.46,0,3.66,1.41,2.99,1.88,5.04,0,4.95,0,5.6,AR,3.19,inf,[]
ZTRD,4 A K E,10619513,0.74,0.07,1.13,0,0.06,0.97,0.06,0.08,0.01,0.02,0.1,0.04,AR,0.5,nan,[]
ZTRD,4 A K F,10619514,0,0.11,0,0,0.09,0,0,0,0.0,0,0,0,AR,1.09,nan,[]
ZTRD,4 A L E,10619517,0.16,0.43,0,0.85,0,0,0,0,0,0,0,0,AR,2.19,inf,[]
ZTRD,4 A M E,10619518,0.0,0.0,0.0,0.0,0.0,0.0,0.0,0.0,0.0,0.0,0.0,0.0,AR,0.0,nan,[]
ZTRD,4 A N E,10619520,0.8,0,0.0,0.9,0.91,0,0,0,0,0,0,0,AR,0.5,nan,[]
ZTRD,4 A X B,10619521,0.0,0.0,0.0,0.0,0.0,0.0,0.0,0.0,0.0,0.0,0.0,0.0,AR,0.0,nan,[]
ZTRD,4 A X C,10619523,0,0,2.67,3.51,2.72,0.38,0,1.28,2.02,0.66,1.77,4.35,AR,1.86,inf,[]
ZTRD,4 A X D,10619530,59.12,58.19,35.16,50.52,43.56,10.04,19.72,47.75,14.45,83.95,35.05,73.75,AR,32.26,67.19,[]
ZTRD,4 A X E,10619531,214.15,46.5,154.51,179.67,133.15,234.15,173.19,146.77,265.4,180.94,84.72,280.65,AR,71.25,32.65,[]
ZTRD,4 A X F,10619532,632.18,549.88,410.45,326.65,390.58,253.21,572.04,362.59,607.84,428.26,611.09,485.71,AR,135.85,20.65,[]
ZTRD,4 B B E,10619533,0,0,0,0.28,5.6,0,3.64,0,0,0,0,0,AR,3.76,nan,[]
ZTRD,4 B X C,10619534,0,11.48,2.67,0.47,3.87,4.07,0,0.82,1.04,0.05,7.16,0.62,AR,3.21,nan,[]
ZTRD,4 B X E,10619535,29.96,9.93,12.87,21.86,0.96,8.82,48.19,15.58,29.48,0,0,11.76,AR,20.02,inf,[]
ZTRD,4 B X F,10619538,0,0.01,-0.0,0.92,0,0,0,0,0,0.0,0,0,AR,0.29,nan,[]
ZTRD,4 C B C,10619539,0,1.03,0.04,0.07,0,0.22,0.58,0.26,0,0.94,1.06,0.08,AR,0.5,nan,[]
ZTRD,4 C C A,10619540,0,0.33,0.07,0,0,0,0.25,-0.0,0.01,0.86,0.13,0.04,AR,0.29,nan,[]
ZTRD,4 C C E,10619541,0,0,0.04,0.88,0,0,0,0,0,0,0,0.05,AR,0.29,nan,[]
ZTRD,4 C D C,10619548,2.28,0,12.6,45.28,0,10.79,23.15,6.85,13.91,4.9,18.87,0,AR,18.81,inf,[]
ZTRD,4 C X E,10619550,0.0,0.0,0.0,0.0,0.0,0.0,0.0,0.0,0.0,0.0,0.0,0.0,AR,0.0,nan,[]
ZTRD,4 D A A,10619551,0.0,0.0,0.0,0.0,0.0,0.0,0.0,0.0,0.0,0.0,0.0,0.0,AR,0.0,nan,[]
ZTRD,4 D A E,10619552,0,0,0,0,0,0,0,0,0,0,0,0,AR,0.12,nan,[]
ZTRD,4 X A A,10619553,0.0,0.0,0.0,0.0,0.0,0.0,0.0,0.0,0.0,0.0,0.0,0.0,AR,0.0,nan,[]
ZTRD,4 X A C,10619554,0.0,0.0,0.0,0.0,0.0,0.0,0.0,0.0,0.0,0.0,0.0,0.0,AR,0.0,nan,[]
ZTRD,4 X A E,10619555,0.0,0.0,0.0,0.0,0.0,0.0,0.0,0.0,0.0,0.0,0.0,0.0,AR,0.0,nan,[]
ZTRD,4 X B A,10619556,0.0,0.0,0.0,0.0,0.0,0.0,0.0,0.0,0.0,0.0,0.0,0.0,AR,0.0,nan,[]
ZTRD,4 X B C,10619563,0.0,0.0,0.0,0.0,0.0,0.0,0.0,0.0,0.0,0.0,0.0,0.0,AR,0.0,nan,[]
ZTRD,4 X B E,10619568,0,0.01,0,0.3,0,0.19,1.98,0,0.06,0,0.03,0,AR,1.57,nan,[]
ZTRD,4 X B F,10619569,0.76,0,0.39,0,0.17,0.05,0.26,0.11,0.86,0.11,0,0.3,AR,0.74,nan,[]
ZTRD,4 X C C,10619570,0.0,0.0,0.0,0.0,0.0,0.0,0.0,0.0,0.0,0.0,0.0,0.0,AR,0.0,nan,[]
ZTRD,4 X C E,10619571,0.0,0.0,0.0,0.0,0.0,0.0,0.0,0.0,0.0,0.0,0.0,0.0,AR,0.0,nan,[]
ZTRD,4 X D A,10619591,0,0,0,0,0,0,0,0,0,0,0,0,AR,0.31,nan,[]
ZTRD,4 X D C,10619592,0,0.03,0,-0.0,0,0,0,0,0.97,0,0,0,AR,0.36,nan,[]
ZTRD,4 X X C,10619593,0,0,0,0.43,0.63,0.12,0,0,0.04,0.38,1.3,0.95,AR,0.49,inf,[]
ZTRD,4 X X E,10619595,0.0,0.0,0.0,0.0,0.0,0.0,0.0,0.0,0.0,0.0,0.0,0.0,AR,0.6,inf,[]
ZTRD,4 X X F,10619597,0.91,0.04,0.04,0.04,0.35,0.05,0.05,0.04,0.11,0.03,0.03,0.02,AR,0.41,nan,[]
ZTRD,4 X X G,10619600,0,0,0,0,0,0,0,0,-0.0,-0.0,-0.0,-0.0,AR,0.0,nan,[]
ZTRD,4 Y Y C,10619601,0.0,0.0,0.0,0.0,0.0,0.0,0.0,0.0,0.0,0.0,0.0,0.0,AR,0.0,nan,[]
ZTRD,4 Z Z A,10619605,0.0,0.0,0.0,0.0,0.0,0.0,0.0,0.0,0.0,0.0,0.0,0.0,AR,0.0,nan,[]
ZTRD,4 Z Z B,10619606,0,0,0,0,0,0,0,0,0,0,0,0,AR,0.0,nan,[]
ZTRD,4 Z Z C,10619607,-0.0,-0.0,-0.0,-0.0,-0.0,-0.0,-0.0,-0.0,-0.0,-0.0,-0.0,-0.0,AR,0.0,nan,[]
ZTRD,4 Z Z E,10619608,0,0,0,0,0,0,0,0,0,0,0,0,AR,0.0,nan,[]
ZTRD,5 B X C,10619610,0,0,0,0,0,0,0,0,0,0,0,0,AR,0.02,nan,[]
ZTRD,5 E A C,10619611,0,0,0,0,0,0,0,0,0,0,0,0,AR,0.0,nan,[]
ZTRD,5 X X C,10619622,0,0,0,0,0,0,0,0,0,0,0,0,AR,0.0,nan,[]
ZTRD,5 Y Y C,10619623,0,0,0,0,0,0,0,0,0,0,0,0,AR,0.0,nan,[]
ZTRD,6 A A C,10619626,0,2.87,0,0.09,0.38,1.86,0,0,0,0,0,0,AR,3.5,nan,[]
ZTRD,6 A D C,10619629,0.0,0.0,0.0,0.0,0.0,0.0,0.0,0.0,0.0,0.0,0.0,0.0,AR,0.0,nan,[]
ZTRD,6 A D E,10619674,5.2,2.07,4.3,1.04,5.94,0.99,3.43,3.91,4.03,2.1,4.35,2.63,AR,2.72,nan,[]
ZTRD,6 A E C,10619675,0,0,0,0,0,0,0,0,0,0,0,0,AR,0.0,nan,[]
ZTRD,6 A E E,10619676,0,0,0,0,0,0,0,0,0,0,0,0,AR,0.0,nan,[]
ZTRD,6 A E F,10619677,1.77,2.03,0.49,4.77,0,0.32,0,0.58,1.51,0.87,0.83,0.62,AR,1.62,nan,[]
ZTRD,6 A X C,10619684,0,0,0,0,0,0,0,0,0,0,0,0,AR,0.0,nan,[]
ZTRD,6 A X E,10619686,1.1,0,1.09,0,6.6,0.91,5.73,0.67,0,0,0.29,0,AR,2.68,nan,[]
ZTRD,6 S W E,10619691,0.0,0.0,0.0,0.0,0.0,0.0,0.0,0.0,0.0,0.0,0.0,0.0,AR,0.04,nan,[]
ZTRD,6 X X E,10619727,0.03,0.03,0.03,0.03,1.03,0.03,0.03,0.03,0.03,0.03,0.03,0.03,AR,0.29,nan,[]
ZTRD,6 Z Z A,10619740,0.08,0.11,0,1.03,1.11,0,0.08,0,0.04,-0.0,0.03,0.03,AR,0.5,nan,[]
ZTRD,6 Z Z C,10619749,0,0,0,0,0,0,0,0,0,0,0,0,AR,0.0,nan,[]
ZTRD,6 Z Z E,10619750,0,0.06,0.13,0,0,0.03,0.28,0,0,0.72,0,0.16,AR,0.86,nan,[]
ZTRD,6 Z Z H,10619751,0.43,0,0.13,0.0,0.03,0.11,0.01,0,0.74,0,0.86,0,AR,0.41,nan,[]
ZTRD,7 C C J,10619800,0.03,0.03,0.03,0.03,0.03,0.03,0.03,0.03,0.03,1.03,0.03,0.03,AR,0.29,nan,[]
ZTRD,7 X A G,10619801,0.26,0,0,0.06,0.25,0.59,0.18,0,0,0.72,0.88,0.39,AR,0.58,nan,[]
ZTRD,7 X B G,10619802,0,0,0,0,0,0,0,0,0,0,0,0,AR,0.0,nan,[]
ZTRD,7 X X G,10619803,0.0,0.0,0.0,0.0,0.0,0.0,0.0,0.0,0.0,0.0,0.0,0.0,AR,0.0,nan,[]
ZTRD,7 X Y G,10619804,0.0,0.0,0.0,0.0,0.0,0.0,0.0,0.0,0.0,0.0,0.0,0.0,AR,0.0,nan,[]
ZTRD,7 X Z G,10619805,0.0,-0.0,0.0,-0.0,-0.0,-0.0,0.0,-0.0,0.0,-0.0,0.0,0.0,AR,0.9,inf,[]
ZTRD,8 D A B,10619807,0,0,0,0,0,0,0,0,0,0,0,0,AR,0.0,nan,[]
ZTRD,8 D A C,10619811,19.7,4.17,2.86,7.25,16.06,4.24,0.57,3.57,11.33,0,1.58,21.15,AR,9.13,nan,[]
ZTRD,8 D Z B,10619812,36.07,30.32,7.88,13.96,27.99,20.03,19.65,28.8,11.45,14.96,51.83,56.17,AR,12.94,55.33,[]
ZTRD,10 Z Z Z,10619813,0,0.76,0.08,0.32,1.18,0,1.19,0.65,0.31,0,0.25,1.05,AR,0.91,nan,[]
ZTRD,B E 02,10619814,0.03,0.03,0.03,0.03,0.03,0.03,0.03,0.03,0.03,0.03,0.03,1.03,AR,0.29,nan,[]
ZTRD,G A A A,10619815,42.88,36.05,28.86,46.06,44.38,15.34,33.39,45.79,49.96,27.21,32.64,30.26,AR,11.88,32.68,[]
ZTRD,G A A E,10619816,1.08,1.53,0.54,3.61,5.1,3.37,6.52,6.47,4.0,1.21,3.05,2.66,AR,3.35,88.02,[]
ZTRD,G B A A,10619818,2.25,1.43,0.4,3.91,0.33,0.87,0.29,0.14,0.07,2.78,1.4,0,AR,1.65,nan,[]
ZTRD,G B A E,10619819,0,0,0,0,0.71,0,0,0,0,0.84,0,0,AR,0.46,nan,[]
ZTRD,G B D C,10619820,1.51,0.5,1.25,1.04,2.16,0,0.13,0.36,0.3,0.25,1.27,0.2,AR,0.83,nan,[]
ZTRD,S A A A,10619823,0,0.13,0.91,0,0.08,0.27,0.14,0.09,0.02,0.02,-0.0,0,AR,0.44,nan,[]
ZTRD,S A E A,10619843,0.0,0.0,0.0,0.0,0.0,0.0,0.0,0.0,0.0,0.0,0.0,0.0,AR,0.0,nan,[]
ZTRD,S B A G,10619846,0.01,0.01,0.01,0.01,0.35,0.01,0.01,0.01,0.0,0.0,0.0,0,AR,0.31,nan,[]
ZTRD,S B B G,10619850,0,0,8.27,10.5,3.43,0.94,1.44,2.24,3.63,1.2,2.66,0.42,AR,8.87,392.06,[]
ZTRD,S B C G,10619852,0.2,0,0.2,1.02,0.27,0.01,0.12,0.06,0.05,0.08,0,0.09,AR,0.6,nan,[]
ZTRD,S B D G,10619853,0.16,0.08,1.14,0.18,0.1,0.11,0,0,2.03,0.14,0.12,0.12,AR,0.47,nan,[]
ZTRD,S B F G,10619854,0,0,0.0,0.09,1.08,0.03,0.01,0,-0.0,0,0,0,AR,0.41,nan,[]
ZTRD,S C A E,10619855,0.33,0.38,2.06,0.83,0.71,1.04,0.19,0.29,1.71,2.8,0.09,0.17,AR,1.14,nan,[]
ZTRD,1 B C E,10619861,0,0.47,0.17,1.17,3.29,0.87,2.41,2.08,0.33,1.06,0.29,1.19,AR,1.39,nan,[]
ZTRD,1 B I F,10619862,0.05,1.05,0.03,0.03,0.03,0.03,0.03,0.02,0.02,0.02,0.02,0.03,AR,0.29,nan,[]
ZTRD,1 B J C,10619863,144.26,116.64,145.05,130.22,137.75,118.69,133.23,160.91,167.01,107.63,138.53,131.8,AR,47.37,39.16,[]
ZTRD,1 B J E,10619865,0.18,0,0,1.61,0.85,0,0.77,0.14,2.77,0,0.21,0.11,AR,1.0,nan,[]
ZTRD,1 C F E,10619866,0.03,0.02,0,0,0.17,0.23,1.98,3.31,0.59,0.2,2.95,1.03,AR,1.14,nan,[]
ZTRD,1 C G E,10619867,0,0,0,0,0,0,0,0,0,0,0,0,AR,0.65,nan,[]
ZTRD,1 C G F,10619868,1.0,0.0,0.0,0.0,0.0,0.0,0.0,0.0,0.0,0.0,0.0,0.0,AR,0.29,nan,[]
ZTRD,2 A B E,10619873,0,0,0,0,0,0,0,0,0,0,0,0,AR,0.0,nan,[]
ZTRD,2 A E E,10619877,0,0,0.14,0,0,0,0,0,0,0,0,0,AR,0.13,nan,[]
ZTRD,2 A H E,10619884,0,0,0.38,0.62,0.73,2.58,2.19,1.56,0.97,0,0,0,AR,0.82,nan,[]
ZTRD,2 A X E,10619891,0.09,0.18,0.16,0.14,0.22,0.1,0.28,0.77,0.71,0.21,2.25,0.28,AR,0.57,inf,[]
ZTRD,2 A X F,10619893,23.88,16.69,8.73,0,12.41,0,51.44,12.73,61.89,29.44,18.4,23.31,AR,21.93,86.94,[]
ZTRD,2 B A E,10619894,0,0.1,0,0.17,0,0,0.01,1.04,0,0.07,0,0.06,AR,0.29,nan,[]
ZTRD,2 B D E,10619896,0.0,0.0,0.0,0.0,0.0,0.0,0.0,0.0,0.0,0.0,0.0,0.0,AR,0.0,nan,[]
ZTRD,2 S Y G,10621001,0,88.55,34.82,112.81,86.78,0,81.75,70.34,59.33,108.06,33.15,32.03,AR,63.73,62.43,[]
ZTRD,2 Y Y C,10621002,9.56,4.44,11.96,1.84,5.48,2.13,5.11,12.57,7.15,0.51,0,14.28,AR,4.9,nan,[]
ZTRD,3 A C E,10621003,0.65,1.51,7.93,8.03,6.8,0.52,2.33,5.12,1.85,2.46,1.34,1.25,AR,3.02,inf,[]
ZTRD,3 A G E,10621004,0.0,0.0,0.0,0.0,0.0,0.0,0.0,0.0,0.0,0.0,0.0,0.0,AR,0.0,nan,[]
ZTRD,3 A I B,10622001,1.73,1.79,0,2.6,4.94,0,0,1.12,0.0,0.24,2.23,0.11,AR,1.72,nan,[]
ZTRD,3 A I C,10622002,0,0,0,0,0,0,0,0,0,0,0,0,AR,0.29,nan,[]
ZTRD,3 A I E,10622003,2.76,0.11,1.84,1.74,0.48,0,0,0.86,0.21,0.37,0.37,0.11,AR,1.16,nan,[]
ZTRD,3 A I F,10622006,0,0,0,0,0,0,0.19,0,0.45,0,0.4,0,AR,1.79,nan,[]
ZTRD,3 A J B,10622009,1.03,0.03,0.03,0.03,0.03,0.03,0.03,0.03,0.03,0.03,0.02,0.02,AR,0.29,nan,[]
ZTRD,3 A J C,10622013,0,0.5,0,0.83,0,0.51,0.56,0,4.91,0,1.68,0,AR,1.34,nan,[]
ZTRD,3 A J E,10622015,1.13,3.17,0,0,0.11,0.25,0.19,1.06,0.04,0.07,0.15,0.16,AR,0.98,nan,[]
ZTRD,3 A J F,10622016,0.9,2.96,0.17,0.17,0.07,0.31,0.15,1.0,0.12,0.11,0.05,0.04,AR,0.91,nan,[]
ZTRD,3 A K C,10622019,0.0,0.0,0.0,0.0,0.0,0.0,0.0,0.0,0.0,0.0,0.0,0.0,AR,0.0,nan,[]
ZTRD,3 A K E,10623001,0.25,0.77,4.9,8.06,1.65,9.18,15.14,8.88,7.03,0.24,8.38,1.25,AR,6.19,inf,[]
ZTRD,3 A K F,10623004,0,17.59,0,2.25,2.52,0,19.15,0,47.9,13.14,0.25,14.77,AR,12.38,nan,[]
ZTRD,3 A L E,10623010,0.0,0.0,0.0,0.0,0.0,0.0,0.0,0.0,0.0,0.0,0.0,0.0,AR,0.0,nan,[]
ZTRD,3 A M C,10623011,0.8,0.19,0,0,0,0,0,0.01,0,0.06,0.4,0.07,AR,0.77,nan,[]
ZTRD,3 A M E,10623020,0.02,1.03,0.03,0.02,0.02,0.02,0.02,0.02,0.02,0.02,0.02,0.02,AR,0.29,nan,[]
ZTRD,3 A P B,10623104,0.1,0,0,0,0,0,0,0,0,0,0,0,AR,1.45,nan,[]
ZTRD,3 A P C,10623151,0,0,0,0,0,0,0,0,0,0,0,0,AR,0.0,nan,[]
ZTRD,3 A P E,10623252,0.0,0.0,0.0,0.0,0.0,0.0,0.0,0.0,0.0,0.0,0.0,0.0,AR,0.0,nan,[]
ZTRD,3 A P F,10623300,0,0,0,0,0,0,0,0,0,0,0,0,AR,0.0,nan,[]
ZTRD,3 A X C,10623900,0,0,0,0,0,0,0,0,0,0,0,0,AR,0.0,nan,[]
ZTRD,3 A X E,10625002,0.2,0,0.09,0.02,0,0.9,2.05,0,-0.0,0.03,-0.0,0.01,AR,0.65,nan,[]
ZTRD,3 A X F,10625005,0.0,0.0,0.0,0.0,0.0,0.0,0.0,0.0,0.0,0.0,0.0,0.0,AR,0.0,nan,[]
ZTRD,3 A Y E,10625006,0.24,3.09,0.86,2.37,2.89,0,1.38,0.91,1.4,0.75,0.49,1.54,AR,2.77,inf,[]
ZTRD,3 B A C,10625010,0.0,0.0,0.0,0.0,0.0,0.0,0.0,0.0,0.0,0.0,0.0,0.0,AR,0.0,nan,[]
ZTRD,3 B A E,10625011,0.0,0.0,0.0,0.0,0.0,0.0,0.0,0.0,0.0,0.0,0.0,0.0,AR,0.0,nan,[]
ZTRD,3 B A F,10625100,0.0,0.0,0.0,0.0,0.0,0.0,0.0,0.0,0.0,0.0,0.0,0.0,AR,0.0,nan,[]
ZTRD,3 B B C,10625102,0.03,0,0,0,0.44,0,0,0.07,0,0,0.02,0.4,AR,0.27,nan,[]
ZTRD,3 B B E,10625105,0.89,0.71,0.84,0.42,0.23,1.89,1.36,1.48,1.03,0.41,2.94,1.14,AR,0.86,nan,[]
ZTRD,3 B B F,10625200,0.0,0.0,0.0,0.0,0.0,0.0,0.0,0.0,0.0,0.0,0.0,0.0,AR,0.3,inf,[]
ZTRD,3 B C C,10625201,1.07,0,1.55,0,5.49,1.19,0,0.99,2.79,0,2.53,0.71,AR,1.51,nan,[]
ZTRD,3 B C E,10625202,0.53,0.03,0.02,0.29,0.04,0.03,1.17,0.05,0.04,1.11,0.05,0.04,AR,0.41,nan,[]
ZTRD,3 B C F,10625203,0.0,0.0,0.0,0.0,0.0,0.0,0.0,0.0,0.0,0.0,0.0,0.0,AR,0.3,inf,[]
ZTRD,3 B D E,10625206,0,0,0,0,0,0,0,0,0,0,0,0,AR,0.0,nan,[]
ZTRD,3 B D F,10625207,0,0,0,0,0,0,0,0,0,0,0,0,AR,0.0,nan,[]
ZTRD,3 B E E,10625210,0,0,0,0,0,0,0,0,0,0,0,0,AR,0.29,nan,[]
ZTRD,3 B X C,10625212,0,0,0,0,0,0,0,0,0,0,0,0,AR,0.0,nan,[]
ZTRD,3 B X E,10625213,1.36,0.09,0.64,0.23,0,0.53,0.98,0.44,0.24,2.24,0.41,0.74,AR,0.65,nan,[]
ZTRD,3 B X F,10625214,0.03,1.03,0.03,0.03,0.03,0.53,0.03,0.03,0.04,1.04,0.04,0.04,AR,0.41,nan,[]
ZTRD,3 C A E,10625300,0.0,0.0,0.0,0.0,0.0,0.0,0.0,0.0,0.0,0.0,0.0,0.0,AR,0.0,nan,[]
ZTRD,3 C A Z,10625302,0,0,0,0,0,0,0,0,0,0,0,0,AR,0.0,nan,[]
ZTRD,3 D A C,10625303,0.0,0.0,0.0,0.0,0.0,0.0,0.0,0.0,0.0,0.0,0.0,0.0,AR,0.0,nan,[]
ZTRD,3 D A E,10625306,0.0,0.0,0.0,0.0,0.0,0.0,0.0,0.0,0.0,0.0,0.0,0.0,AR,0.3,inf,[]
ZTRD,3 D A F,10625308,0.11,0.01,0.02,0.0,0.02,0.0,0.03,-0.0,0.03,0.09,0.02,0,AR,0.91,nan,[]
ZTRD,3 D B E,10625309,0.0,0.0,0.0,0.0,0.0,0.0,0.0,0.0,0.0,0.0,0.0,0.0,AR,0.3,inf,[]
ZTRD,3 D B F,10625310,0.15,0.12,0,0,0,0,0,0,0,0,0,0,AR,0.26,nan,[]
ZTRD,3 D C B,10625311,0,0,0,0,0,0,0,0,0,0,0,0,AR,0.13,nan,[]
ZTRD,3 D C E,10625312,0,0,0,0,0,0,0,0,0,0,0,0,AR,0.28,nan,[]
ZTRD,3 D D E,10625315,0.0,0.0,0.0,0.0,0.0,0.0,0.0,0.0,0.0,0.0,0.0,0.0,AR,0.0,nan,[]
ZTRD,3 D D F,10625318,0.03,0.03,0.03,0.03,0.03,0.03,1.03,0.03,0.03,0.03,0.03,0.03,AR,0.29,nan,[]
ZTRD,3 D X E,10625323,0.0,0.0,0.0,0.0,0.0,0.0,0.0,0.0,0.0,0.0,0.0,0.0,AR,0.31,inf,[]
ZTRD,3 D X F,10625327,0,0.0,-0.0,0,0,0,0,-0.0,-0.0,0,0,0,AR,0.3,nan,[]
ZTRD,3 X X C,10625328,0.0,0.0,0.0,0.0,0.0,0.0,0.0,0.0,0.0,0.0,0.0,0.0,AR,0.0,nan,[]
ZTRD,3 X X E,10625401,0,0,0,0,0,0,0,0,0,0,0,0,AR,0.0,nan,[]
ZTRD,3 X X F,10625402,0.11,0,0,0,0,0.03,0.22,0.86,0.1,0,0.13,0.35,AR,0.73,nan,[]
ZTRD,3 Y A E,10625403,1.44,0.32,2.57,0.33,0.32,1.31,0.37,0.37,0.29,0.32,2.34,0.35,AR,0.65,inf,[]
ZTRD,3 Y A F,10625404,0,0.2,0.09,0.18,0.83,0.07,0.02,0,1.13,0.05,0.07,0.01,AR,0.62,nan,[]
ZTRD,3 Y Y C,10625405,1.65,0.7,0.46,0.37,1.82,0.97,0.66,1.65,2.67,1.71,1.75,0.66,AR,0.86,nan,[]
ZTRD,4 A D B,10625407,3.75,2.91,1.72,6.74,4.13,0.88,7.64,15.85,4.79,4.3,14.63,7.03,AR,7.41,145.21,[]
ZTRD,4 A D C,10625408,3.86,0.53,0,0.97,0.81,2.65,3.48,3.73,4.38,1.96,3.43,2.94,AR,2.61,83.56,[]
ZTRD,4 A D E,10625409,0,0,0,0,0,0,0,0,0,0,0,0,AR,0.02,nan,[]
ZTRD,4 A D F,10625410,0,0.38,0.39,0,0,0,0,0.29,0.25,0.78,0.77,0.13,AR,0.5,nan,[]
ZTRD,4 A G B,10625411,0.57,0,0,0,0,0,1.85,0,0,0,0,0,AR,0.97,inf,[]
ZTRD,4 A G C,10625412,1.04,1.35,0.74,0.03,0.91,1.48,0.6,1.09,1.16,4.12,1.46,0.85,AR,1.18,nan,[]
ZTRD,4 A G E,10625413,0.15,0,0.07,0.96,0.07,0,1.03,0.01,0.08,1.11,0.01,0,AR,0.52,nan,[]
ZTRD,4 A G F,10625417,0.0,0.0,0.0,0.0,0.0,0.0,0.0,0.0,0.0,0.0,0.0,0.0,AR,0.0,nan,[]
ZTRD,4 A K E,10625502,0,0,0,0,0,0,0,0,0,0,0,0,AR,0.32,inf,[]
ZTRD,4 A K F,10625503,0,0,0,0,0,0,0,0,0,0,0,0,AR,0.29,nan,[]
ZTRD,4 A L E,10625504,0,0,0,0,0,0,0,0,0,0,0,0,AR,0.0,nan,[]
ZTRD,4 A M E,10625505,1.9,3.52,4.11,2.06,1.34,1.39,1.95,3.66,2.72,1.94,3.0,0.78,AR,1.56,inf,[]
ZTRD,4 A N E,10625506,0,0,0,0,0,0.93,0,0,0,0.03,0.05,0.03,AR,0.29,nan,[]
ZTRD,4 A X B,10625507,0,0,0,0.12,0.68,0.53,0.05,0.1,0.26,0.32,0.14,0,AR,0.36,nan,[]
ZTRD,4 A X C,10625508,3.59,0,3.29,0,2.57,0,4.86,0,3.5,0,4.62,0,AR,1.41,nan,[]
ZTRD,4 A X E,10625509,0,0,0,0,0,0,0,0,0,0,0,0,AR,0.07,nan,[]
ZTRD,4 A X F,10625510,0,0,0.15,0.16,0.04,-0.0,0,0,0,0,-0.0,0.02,AR,0.54,inf,[]
ZTRD,4 B B E,10625511,0,0,1.92,0,0.92,0,0,0,0,0,0,0,AR,0.65,nan,[]
ZTRD,4 B C E,10625512,0,0,0,0,0,0,0,0.08,0,0,0,0,AR,0.27,nan,[]
ZTRD,4 B X B,10625514,0.29,1.05,-0.0,0,0.13,1.13,0.98,0.09,0.05,0.2,-0.0,0.08,AR,0.78,nan,[]
ZTRD,4 B X C,10625515,0,0.87,0.74,0,0.02,0.04,0,0,0,0.02,0,0,AR,0.74,nan,[]
ZTRD,4 B X E,10625516,0,0,0,0,0.98,0,0,0,0,0,0,0,AR,0.29,nan,[]
ZTRD,4 B X F,10625517,0.03,0.03,0.03,0.03,0.03,0.03,0.03,0.03,0.03,0.03,1.03,0.03,AR,0.29,nan,[]
ZTRD,4 C B A,10625518,0,0,0,0,0,0,0,0,0,0,0,0,AR,0.6,nan,[]
ZTRD,4 C B B,10625551,0,0.19,0,0.03,0,0,0,0,0.02,0,0.0,0,AR,0.88,nan,[]
ZTRD,4 C B C,10625552,0.0,0.26,0.13,0.08,0,0,0.01,0,0,0,0.12,0.06,AR,0.4,nan,[]
ZTRD,4 C C A,10625554,0,0,0,0,0,0,0,0,0,0,0,0,AR,0.0,nan,[]
ZTRD,4 C C E,10625556,0.0,0.0,0.0,0.0,0.0,0.0,0.0,0.0,0.0,0.0,0.0,0.0,AR,0.0,nan,[]
ZTRD,4 C D C,10625601,0,0.24,0.17,0,0.12,0,0.04,0.73,0.22,0,0,0,AR,0.32,nan,[]
ZTRD,4 C X E,10625602,0,0,0.11,0,0,0,0.07,0,0,0.13,0,0,AR,0.6,nan,[]
ZTRD,4 D A A,10625603,0,0,0,0,0,0,0,0,0,0,0,0,AR,0.0,nan,[]
ZTRD,4 D A E,10625604,0.15,0,0,0.04,0,0.92,0,0.01,0,0.03,0,0,AR,0.29,nan,[]
ZTRD,4 X A A,10625605,0,0,0,0,0,0,0,0,0,0,0,0,AR,0.0,nan,[]
ZTRD,4 X A C,10625606,0,0,0,0,0,0,0,0,0,0,0,0,AR,0.0,nan,[]
ZTRD,4 X A E,10625607,0,1.58,0,-0.0,0,0.81,0,0.03,0.06,0,0,0,AR,0.83,nan,[]
ZTRD,4 X B A,10625608,0.0,0.08,0.1,0,0,0,0.06,0,0,0,0,0,AR,0.27,nan,[]
ZTRD,4 X B C,10625701,0.76,0,0,0,0.59,0,0,0,0,0,0,0,AR,0.69,nan,[]
ZTRD,4 X B E,10625702,0.77,1.03,0.07,0,1.27,0,1.16,0.5,0.8,1.4,0.73,0.57,AR,0.95,inf,[]
ZTRD,4 X B F,10625703,1.41,1.47,2.11,1.22,0.04,0.82,0.82,0,0.87,-0.0,0.87,0,AR,1.82,inf,[]
ZTRD,4 X C C,10625704,0.36,0,0.02,1.88,0,0,0,0,0,0.04,0,0.0,AR,0.65,nan,[]
ZTRD,4 X C E,10625705,0,0,0,0,0,0,2.76,0,0,0,0,0,AR,0.95,nan,[]
ZTRD,4 X D A,10625706,0.28,1.27,0.56,3.03,0,1.33,2.42,1.14,1.0,0,2.1,2.12,AR,1.15,inf,[]
ZTRD,4 X D C,10625708,0.34,0.35,0.09,1.13,0.16,0.19,1.19,0.13,1.15,0.14,0.17,0.15,AR,0.5,nan,[]
ZTRD,4 X X E,10625710,1.14,0.05,0,1.5,0.0,0.22,0.29,0,0,0.0,1.14,0.07,AR,0.86,nan,[]
ZTRD,4 X X F,10625716,0,-0.0,0.05,0.26,0.05,0,0,0,0,0,0,0,AR,0.33,nan,[]
ZTRD,4 Y Y C,10625717,0,0,0.2,2.79,0.06,0.13,0,0.29,0.07,0.33,4.06,0,AR,1.46,nan,[]
ZTRD,4 Z Z A,10625720,0.0,0.0,0.0,0.0,0.0,0.0,0.0,0.0,0.0,0.0,0.0,0.0,AR,0.0,nan,[]
ZTRD,4 Z Z B,10625721,0,0,0,0,0,0,0,0,0,0,0,0,AR,0.09,nan,[]
ZTRD,4 Z Z C,10625802,0,0,0,0,0,0,0,0,0,0,0,0,AR,0.0,nan,[]
ZTRD,4 Z Z E,10625804,0.05,0.27,0.25,0.0,0.04,0.26,0.07,0.08,0.06,0.13,1.05,0.04,AR,0.29,nan,[]
ZTRD,4 Z Z F,10625805,0,0.91,0,0.0,0.13,0,0,1.02,0,0,0,0,AR,0.67,nan,[]
ZTRD,5 Y Y C,10625806,0,0.98,0,0,0,0,0,0,0,0,0,0,AR,0.29,nan,[]
ZTRD,6 A D C,10625807,3.13,0,3.75,5.8,2.27,1.41,3.9,4.3,3.92,3.3,6.24,6.87,AR,2.45,nan,[]
ZTRD,6 A D E,10625808,0,0,0,0,0.71,0,0,0,0.09,0,0,0,AR,0.29,nan,[]
ZTRD,6 A E C,10625810,0,0,0,0,0,0,0,0,0,0,0,0,AR,0.04,nan,[]
ZTRD,6 A E E,10625811,0.52,0.54,1.95,0,0.05,0,0,0,0.13,0,0,0,AR,1.18,nan,[]
ZTRD,6 A E F,10625812,0,0.36,0,0,0.01,0,0,0,0,0,0,0,AR,0.54,nan,[]
ZTRD,6 A X C,10625813,0,0,0.0,0,0,0.03,0,0,0,-0.0,0,0,AR,0.63,nan,[]
ZTRD,6 A X E,10625814,0,0.98,0.18,0.12,0.02,0,0.97,0,0,0,0,0.03,AR,0.39,nan,[]
ZTRD,6 S W E,10625815,0.03,1.03,0.03,0.03,0.03,0.03,0.03,0.03,0.03,0.03,0.03,0.03,AR,0.29,nan,[]
ZTRD,6 X X E,10625816,0.0,0.0,0.0,0.0,0.0,0.0,0.0,0.0,0.0,0.0,0.0,0.0,AR,0.0,nan,[]
ZTRD,7 C C J,10625817,0,1.11,0.1,0,0.43,0.99,0,0,4.94,0.11,0.56,0,AR,3.44,nan,[]
ZTRD,7 X A G,10625902,0,0,0,0,0,0,0,0,0,0,0,0,AR,0.0,nan,[]
ZTRD,7 X B G,10625950,0.72,0,0.81,0.1,2.1,0.48,0.28,0.22,0.29,0,0,0.12,AR,0.87,nan,[]
ZTRD,7 X X G,10626001,0.39,0.28,0.99,0.25,0,0.09,1.92,0.69,0.19,0.86,0,0.14,AR,1.01,nan,[]
ZTRD,7 X Y G,10626002,0,0.51,0.24,1.09,0,0.05,0.04,0.1,0.01,0.94,0,0.02,AR,0.63,nan,[]
ZTRD,7 X Z G,10626003,0,0,0.99,0,-0.0,-0.0,0,0,0,-0.0,0,0,AR,0.3,nan,[]
ZTRD,8 D A B,10626004,0,0,-0.0,0,0.05,0.08,-0.0,0.98,0.04,0,0,0,AR,0.41,inf,[]
ZTRD,8 D A C,10626005,0.0,0.0,0.0,0.0,0.0,0.0,0.0,0.0,0.0,0.0,0.0,0.0,AR,0.0,nan,[]
ZTRD,8 D A E,10626006,0.0,0.0,0.0,0.0,0.0,0.0,0.0,0.0,0.0,0.0,0.0,0.0,AR,0.0,nan,[]
ZTRD,8 D Z C,10626007,1.11,0.04,1.04,0.04,0.04,1.17,0.06,1.06,0.06,0.06,1.26,0.09,AR,0.41,nan,[]
ZTRD,B E 02,10626008,0,0,0,0,0,0,0,0,0,0,0,0,AR,0.0,nan,[]
ZTRD,G A A A,10626009,1.1,0.56,0.61,0.06,0.02,0.08,0.1,0,0.06,0.25,0,0,AR,0.8,inf,[]
ZTRD,G A J E,10626104,0,1.26,2.88,3.0,1.33,2.28,2.09,1.72,0.26,3.98,6.12,3.63,AR,4.24,inf,[]
ZTRD,G B A A,10626105,0,0,0,0.03,0,0,0,0,-0.0,0,0,0,AR,0.5,nan,[]
ZTRD,G B A E,10626106,0,0.0,0.05,0,0,0,0,0,0,0,0,0,AR,0.3,inf,[]
ZTRD,2 B C E,10626107,0.08,0,0,1.04,-0.0,0.09,0,0.05,0.87,0,0,0,AR,0.49,nan,[]
ZTRD,2 B E E,10626201,0,1.21,0,0.36,1.02,0.07,0,0,0.33,0.2,0.73,0.09,AR,1.36,inf,[]
ZTRD,2 B I F,10626202,0.03,0.47,0.61,0.64,0.26,0.26,0,0,0,1.69,0,0.44,AR,0.77,nan,[]
ZTRD,2 B J C,10626203,0.6,0.77,0.36,0,0.69,1.81,0,0.08,0,0.23,0.06,0.08,AR,1.52,nan,[]
ZTRD,2 B J E,10626205,0,0,0,0,0.23,0,0,0.28,0.04,0.2,0,0,AR,1.6,nan,[]
ZTRD,2 B M C,10626206,0.69,2.67,0.8,1.49,0.81,1.4,0,0,1.11,0.36,0,0.16,AR,1.02,inf,[]
ZTRD,2 B X C,10626207,1.1,1.21,0.35,0,0.22,0.4,0,0,0,0,0.31,0,AR,1.21,nan,[]
ZTRD,2 B X G,10626208,0,0,0,0,0,0,0,0,0,0,0,0,AR,0.14,nan,[]
ZTRD,2 C A E,10626209,0.0,0.0,0.0,0.0,0.0,0.0,0.0,0.0,0.0,0.0,0.0,0.0,AR,0.0,nan,[]
ZTRD,2 B C E,10626210,4.97,2.13,14.79,2.61,8.97,5.98,13.81,7.78,11.62,4.44,2.03,3.28,AR,5.58,96.2,[]
ZTRD,2 B E E,10626211,0.21,0,0,0.07,0,1.1,1.93,0.08,0.92,0.2,0.08,0.07,AR,0.72,nan,[]
ZTRD,2 B I F,10626212,0.51,0.12,0.47,0.0,0.17,0.02,0.01,0.06,0.06,0,0.22,0.12,AR,0.41,inf,[]
ZTRD,2 B J C,10626213,0.0,0.0,0.0,0.0,0.0,0.0,0.0,0.0,0.0,0.0,0.0,0.0,AR,0.0,nan,[]
ZTRD,2 B J E,10626214,0,0,0,0,0,0,0,0,0,0,0,0,AR,0.0,nan,[]
ZTRD,2 B M C,10626216,0.0,-0.0,-0.0,-0.0,-0.0,-0.0,-0.0,-0.0,-0.0,-0.0,-0.0,-0.0,AR,0.9,inf,[]
ZTRD,2 B X C,10626300,0.62,-0.0,0,0,0.13,0.12,0,0.3,0.48,0.04,0.18,0.46,AR,1.0,nan,[]
ZTRD,2 B X G,10626900,0,3.6,13.98,27.4,2.67,0.08,0,11.84,10.53,9.08,15.22,4.11,AR,12.12,156.3,[]
ZTRD,2 C A E,10626901,4.8,5.91,5.37,6.48,1.63,0.7,0.28,5.05,1.81,2.42,10.42,1.99,AR,5.68,inf,[]
ZTRD,2 C F E,10628200,-0.0,-0.0,-0.0,-0.0,-0.0,-0.0,-0.0,-0.0,-0.0,-0.0,-0.0,-0.0,AR,0.0,nan,[]
ZTRD,2 C F F,10629102,0.0,0.0,0.0,0.0,0.0,0.0,0.0,0.0,0.0,0.0,0.0,0.0,AR,0.0,nan,[]
ZTRD,2 C G E,10629103,0.0,0.0,0.0,0.0,0.0,0.0,0.0,0.0,0.0,0.0,0.0,0.0,AR,0.0,nan,[]
ZTRD,2 C G F,10629104,0.0,0.0,0.0,0.0,0.0,0.0,0.0,0.0,0.0,0.0,0.0,0.0,AR,0.0,nan,[]
ZTRD,3 A A A,10630818,0,0,0,0,0,0,0,0,0,0,0,0,AR,0.0,nan,[]
ZTRD,3 A B E,10630832,0,0,0,0.05,0,0,0,0,0,0,0,0,AR,0.75,nan,[]
ZTRD,3 A C E,10642020,0,0,0,0,0,0,0,0,0,0,0,0,AR,0.0,nan,[]
ZTRD,3 A D A,10642025,0.06,0.06,0.73,0.1,0.1,0.88,0.08,0.08,0.37,0.0,-0.0,0,AR,0.46,nan,[]
ZTRD,3 A E E,10643003,0,0,0.86,0.31,0.56,0,0,0,0.76,0,0.43,0.25,AR,0.72,nan,[]
ZTRD,3 A H E,10643004,4.1,8.53,7.13,0.88,7.96,0,0.95,7.45,1.94,5.42,0,8.87,AR,4.59,nan,[]
ZTRD,3 A I E,10643006,0,2.19,7.12,0.02,6.22,0.3,2.28,9.46,1.11,4.32,1.33,1.84,AR,7.09,nan,[]
ZTRD,3 A L A,10643007,0.53,0,0.32,2.06,1.84,1.74,0.38,0.3,0.79,0.18,0.34,0.16,AR,2.21,nan,[]
ZTRD,3 A L F,10643010,0.07,1.62,0.09,0.09,0.08,0,0.11,1.38,0.12,0.13,0.11,0.02,AR,0.41,nan,[]
ZTRD,3 A X E,10643025,0.0,0.0,-0.0,-0.0,0.0,-0.0,0.0,-0.0,-0.0,-0.0,-0.0,0.0,AR,0.31,inf,[]
ZTRD,3 A X F,10643050,69.36,16.55,83.65,32.75,14.65,53.59,59.06,26.73,43.62,57.63,52.15,55.45,AR,27.31,165.53,[]
ZTRD,3 B A E,10643051,4.36,0.1,1.93,0,0,3.18,1.04,11.79,0.07,3.53,0.15,0,AR,3.6,nan,[]
ZTRD,3 B B B,10643052,3.96,0.92,0.99,6.61,0,1.05,3.73,0,2.91,0,1.92,3.55,AR,3.59,nan,[]
ZTRD,3 B B E,10643053,0,4.18,8.4,0.54,0.9,0.03,0.35,0.54,0.23,0.48,0.91,0.23,AR,2.6,nan,[]
ZTRD,3 B D E,10643054,0,0,0,0,8.24,0,0,0,0,5.82,0,1.52,AR,3.62,nan,[]
ZTRD,3 C X C,10643055,1.19,0.37,2.93,0,0,3.05,0,0.15,0.37,0,0,0,AR,2.72,nan,[]
ZTRD,3 S Y G,10643056,35.25,20.03,5.06,6.33,0,0,0,13.21,0,38.86,71.83,27.69,AR,5.2,nan,[]
ZTRD,3 Y Y C,10643058,0,0,0,0,0,0,0,0,0,0,0,0,AR,0.0,nan,[]
ZTRD,4 A A E,10643510,0.54,0.04,0,-0.0,0.15,0.03,0.94,0.01,0,0.01,1.3,0.07,AR,0.41,inf,[]
ZTRD,4 A C C,10643521,11.22,3.53,7.27,11.14,0,8.24,2.74,0,0,10.12,9.37,7.71,AR,13.42,inf,[]
ZTRD,4 A C E,10643815,28.21,18.25,12.17,9.91,12.84,8.41,9.36,16.97,22.52,19.49,17.37,18.64,AR,5.91,34.47,[]
ZTRD,4 A G C,10649000,3.22,0.92,1.18,4.68,0.45,0.81,2.1,0,0.05,2.75,0.29,1.07,AR,1.5,nan,[]
ZTRD,4 A G E,10649001,0,0.26,0,0,0.25,0,0.17,2.93,0,0,0.07,0,AR,0.97,nan,[]
ZTRD,4 A I B,10649002,0,0.12,0,0,0.77,0,0,0.58,0,0,0.15,0,AR,2.22,nan,[]
ZTRD,4 A I C,10649003,0.18,0,0.68,2.99,3.43,1.07,0,3.27,4.78,4.03,0,1.06,AR,4.56,nan,[]
ZTRD,4 A I E,10649005,6.18,4.01,1.18,5.63,4.82,7.72,4.76,1.71,5.89,0.26,0.21,4.77,AR,3.77,inf,[]
ZTRD,4 A I F,10649007,0,0,5.39,0.9,3.28,1.38,0.15,1.83,1.63,1.1,0.61,1.5,AR,2.69,nan,[]
ZTRD,4 A J B,10649009,0.92,0,1.3,0.12,2.02,0.59,0.74,0.66,0.82,0.71,0.49,0.31,AR,2.04,nan,[]
ZTRD,4 A J C,10649010,2.3,0.82,0,0.84,0.33,0.69,0.89,0.83,0,0.37,2.02,0.03,AR,2.16,nan,[]
ZTRD,4 A J E,10649011,5.58,9.21,11.16,16.67,7.91,7.2,11.76,9.36,0.43,6.98,7.11,8.75,AR,6.46,inf,[]
ZTRD,4 A J F,10649012,2.44,8.27,6.75,15.44,1.78,3.2,2.94,9.6,1.15,8.9,1.2,3.43,AR,3.97,64.76,[]
ZTRD,4 A K C,10649013,5.54,2.45,7.86,7.53,3.12,3.04,8.12,8.27,10.93,8.7,2.18,9.46,AR,5.23,nan,[]
ZTRD,4 A K E,10649014,0.96,0,3.82,4.35,0,6.32,6.23,0,5.28,6.25,0.54,4.42,AR,2.93,nan,[]
ZTRD,4 A K F,10649015,9.06,0,5.56,0,9.61,0,6.98,3.48,17.84,2.87,17.05,9.76,AR,11.37,194.6,[]
ZTRD,4 A L E,10649016,808.3,850.31,625.0,671.94,637.35,504.06,833.66,800.59,860.25,663.04,951.97,809.76,AR,177.87,19.44,[]
ZTRD,4 A M C,10649017,0,0,0.08,0,0,1.71,1.78,0.58,0,0,0.39,0.45,AR,2.29,nan,[]
ZTRD,4 A M E,10649018,0,0,0.02,0.76,1.6,0.66,1.07,0.64,1.62,0.45,0.63,0.45,AR,1.81,nan,[]
ZTRD,4 A P B,10649020,3.5,0.92,6.36,4.66,8.29,4.74,3.51,5.84,6.09,0.46,13.2,3.76,AR,3.43,inf,[]
ZTRD,4 A P C,10649021,2.28,2.86,2.26,0,1.74,0.56,2.54,2.75,2.41,0.11,3.12,0.65,AR,3.41,inf,[]
ZTRD,4 A P E,10649022,1.73,0,0.48,1.99,1.66,1.23,1.33,1.6,1.86,0,0.73,0.0,AR,1.27,nan,[]
ZTRD,4 A P F,10649025,0,0.87,0,0,0,0.26,0,0,0,0,0,0,AR,2.56,nan,[]
ZTRD,4 A X C,10649029,0.11,0,0.8,0,0.05,0.18,0.08,0.21,0,0.94,0,0,AR,0.59,nan,[]
ZTRD,4 A X E,10649030,0.75,-0.0,0.26,0.16,0.11,0.75,0.08,0,0,0,0,1.7,AR,1.12,nan,[]
ZTRD,4 A X F,10649031,187.0,164.85,176.31,62.49,115.47,175.92,231.92,377.14,184.36,145.34,157.98,241.37,AR,69.24,78.84,[]
ZTRD,4 A Y E,10649032,0,0,0,0,0,0,0,0,0,0,0,0,AR,0.1,nan,[]
ZTRD,4 B A E,10649033,-0.0,-0.0,-0.0,-0.0,-0.0,-0.0,-0.0,-0.0,-0.0,-0.0,-0.0,-0.0,AR,0.0,nan,[]
ZTRD,4 B A F,10649034,0.03,0.03,0.03,0.03,1.03,0.03,0.03,0.03,0.03,0.03,0.03,0.03,AR,0.29,nan,[]
ZTRD,4 B B C,10649035,0.03,0.03,0.03,0.03,0.06,0.06,0.06,0.06,0.06,0.03,1.04,0.04,AR,0.29,nan,[]
ZTRD,4 B B E,10649036,2.7,0.13,0.02,0.47,0.41,0.07,0.18,0,0.15,0.32,0.02,0,AR,0.76,nan,[]
ZTRD,4 B B F,10649037,0,0.48,0.17,1.85,0,0,0.01,0,0.05,0.56,0.0,0.42,AR,0.45,inf,[]
ZTRD,4 B C C,10649038,0.13,0.08,1.27,0.07,0.07,0.08,0.13,0.08,1.12,0.08,0.09,0.09,AR,0.41,nan,[]
ZTRD,4 B C E,10649042,0.14,0.01,1.01,0.01,0.01,0.01,0.01,0.01,0,0.0,0.01,0.01,AR,0.41,inf,[]
ZTRD,4 B C F,10649043,0.12,2.08,0.08,0.07,0.05,0.05,0.04,0.05,0.07,0.04,0.04,0.05,AR,0.59,nan,[]
ZTRD,4 B D B,10649044,0.04,0.04,0.06,0.28,0.09,0.09,0.09,0.54,0.12,0.12,0.12,1.3,AR,0.29,nan,[]
ZTRD,4 B D E,10649045,3.25,6.71,5.95,14.14,4.6,6.43,8.46,6.33,10.32,5.34,5.79,1.6,AR,5.39,77.31,[]
ZTRD,4 B D F,10649400,2.14,0,1.89,0,0,1.96,0,0,0.06,0,0,0,AR,0.95,nan,[]
ZTRD,4 B E C,10649401,5.69,4.62,0.7,1.53,1.82,1.6,1.11,0.54,2.64,1.35,0.13,6.38,AR,2.06,nan,[]
ZTRD,4 B E E,10649402,5.24,0,6.43,0,2.27,1.77,4.87,2.47,7.44,5.59,3.95,7.38,AR,7.39,inf,[]
ZTRD,4 B X C,10649403,0,0,0,0,0,0,0,0,0,0,0,0,AR,0.0,nan,[]
ZTRD,4 B X E,10649404,0.03,0.57,0.65,2.41,0.03,0.15,0.27,1.28,2.4,1.41,0.22,0.18,AR,0.58,nan,[]
ZTRD,4 B X F,10649405,0,0,0,0,0,0,0,0,0,0,0,0,AR,0.61,inf,[]
ZTRD,4 B Y C,10649406,2.83,0.02,0.95,0.04,0.1,0.15,0.09,0,0.99,1.03,0.06,0.05,AR,0.85,nan,[]
ZTRD,4 C A A,10649407,0,0,0,0,0,0,0,0,0,0,0,0,AR,0.0,nan,[]
ZTRD,4 C A E,10649408,0,0,0,0,0,0,0,0,0,0,0,0,AR,0.01,nan,[]
ZTRD,4 D A C,10649409,0,0,0,0,0,0,0,0,0,0,0.75,0,AR,0.19,nan,[]
ZTRD,4 D A E,10649411,0.94,4.89,1.05,0.6,0.88,0.26,0.46,0,1.44,0.13,1.05,1.38,AR,1.51,nan,[]
ZTRD,4 D A F,10649412,0,0,0,0,0,0,0,0,0,0,0,0,AR,0.0,nan,[]
ZTRD,4 D B E,10649413,0,0,0,0,0,0,0,0,0,0,0,0,AR,0.0,nan,[]
ZTRD,4 D B F,10649414,0,0,0,0,0,1.72,0,0,0,0,0,0,AR,0.58,nan,[]
ZTRD,4 D C C,10649415,0.07,0,0,0.13,0.01,0.22,0,0.95,0.05,1.07,0.26,0,AR,1.6,nan,[]
ZTRD,4 D C E,10649417,0.0,0.0,0.0,0.0,0.0,0.0,0.0,0.0,0.0,0.0,0.0,0.0,AR,0.0,nan,[]
ZTRD,4 D D E,10649423,0.97,0,1.32,0.2,2.97,0,3.32,0,0.37,0,1.55,0.69,AR,1.16,nan,[]
ZTRD,4 D D F,10649424,0,0,0,0,0,0,0,0,0,0,0,0,AR,0.0,nan,[]
ZTRD,4 D X C,10650001,0,0,0,0,0,0,0,0,0,0.5,0,0,AR,0.75,nan,[]
ZTRD,4 D X E,10650002,5.57,38.96,22.34,60.76,144.55,38.35,4.21,16.89,6.22,7.04,8.05,7.68,AR,33.52,188.51,[]
ZTRD,4 D X F,10650003,0,0,0,0,0,0,0,0,0,0,0,0,AR,0.37,nan,[]
ZTRD,4 X X C,10650010,11.99,4.9,2.9,3.66,1.42,1.06,2.41,3.61,7.45,1.73,2.88,4.66,AR,4.58,nan,[]
ZTRD,4 X X E,10650020,14.73,4.16,61.31,11.25,23.22,12.73,26.51,14.01,5.14,2.69,1.68,1.4,AR,19.0,nan,[]
ZTRD,4 X X F,10650031,0,0,0,0,0,0,0,0,0,0,0,0,AR,0.0,nan,[]
ZTRD,4 Y A C,10650037,0,0,0,0.76,0,0,0,0,0,0,0,0,AR,0.62,nan,[]
ZTRD,4 Y A E,10650050,2.82,0.2,0.3,0.06,0,0,0.11,0.06,0,0,0,0.04,AR,0.87,nan,[]
ZTRD,4 Y A F,10650051,0,0,0,0,0,0,0,0,0,0,0,0,AR,0.05,nan,[]
ZTRD,4 Y Y C,10650450,0.03,0.03,0.03,0.03,0.06,0.06,0.06,0.06,0.06,0.03,1.03,0.04,AR,0.29,nan,[]
ZTRD,4 Y Y E,10650478,0,0.17,0,0,0.26,0,0,0,0.53,0.05,0,0,AR,0.32,nan,[]
ZTRD,5 A C C,10650479,0.03,0,0,0,0,0,0,0.17,0,0,0,0,AR,0.25,nan,[]
ZTRD,5 A C F,10700712,0,0,0,0,0,0,0,0,0,0,0,0,AR,1.11,nan,[]
ZTRD,5 A D B,10700715,-0.0,-0.0,-0.0,-0.0,-0.0,-0.0,-0.0,-0.0,-0.0,-0.0,-0.0,-0.0,AR,0.0,nan,[]
ZTRD,5 A D C,10750012,0,0,0,0,0,0,0,0,0,0,0,0,AR,0.0,nan,[]
ZTRD,5 A D E,10750143,0.33,0.05,0.72,0.06,0,0.05,0.01,0,0.02,0.87,0.01,0.09,AR,1.49,nan,[]
ZTRD,5 A D F,10750620,0.0,0.0,0.0,0.0,0.0,0.0,0.0,0.0,0.0,0.0,0.0,0.0,AR,0.0,nan,[]
ZTRD,5 A G B,10750660,0.5,0,0.29,0.15,1.01,0,0.22,1.21,0.93,0,3.98,1.99,AR,4.76,nan,[]
ZTRD,5 A G C,10750661,0,0,0,0,0,0,0,0,0,0,0,0,AR,0.0,nan,[]
ZTRD,5 A G E,10750752,0,0,0,0,0,0,0,0.85,0,0,0,0,AR,0.29,nan,[]
ZTRD,5 A G F,10750763,0,0,0,0,0,0,0,0,0,0,0,0,AR,0.0,nan,[]
ZTRD,5 A K E,10750764,0,0,0,0,0,0,0,0,0,0,0,0,AR,0.0,nan,[]
ZTRD,5 A K F,10750767,0.0,0.0,0.0,0.0,0.0,0.0,0.0,0.0,0.0,0.0,0.0,0.0,AR,0.0,nan,[]
ZTRD,5 A L E,10750771,0,0.24,0,0,0.2,0,0.12,0.21,0.8,0.25,0,0,AR,0.55,inf,[]
ZTRD,5 A M E,10760611,0,0,0,0,0,0,0,0,0,0,0,0,AR,0.0,nan,[]
ZTRD,5 A N E,10760612,0,2.2,1.36,0,0,1.27,1.27,1.8,0.33,1.08,2.74,0.87,AR,1.01,nan,[]
ZTRD,5 A X B,10760613,0,0,0,0.97,0,0,0,0,0,0,0,0,AR,0.4,nan,[]
ZTRD,5 A X C,10760614,0.0,0.0,0.0,0.0,0.0,0.0,0.0,0.0,0.0,0.0,0.0,0.0,AR,0.0,nan,[]
ZTRD,5 A X D,10760617,0,0,0,0,0,0,0,0,0.8,0.05,1.8,0,AR,0.54,nan,[]
ZTRD,5 A X E,10760619,1.32,0,3.59,0,3.85,5.68,0.75,0,0,2.03,0,0,AR,3.43,inf,[]
ZTRD,5 A X F,10760620,0.83,0,0.1,0.92,0,0.52,0,0,0.51,1.39,0,0.48,AR,0.97,nan,[]
ZTRD,5 B B E,10760621,0,0,0,0,0.04,0,0.3,0.31,0,0,0.85,0,AR,0.29,nan,[]
ZTRD,5 B X C,10760623,0,0,0.2,0,0,0,0,0,0,0,0,0.75,AR,0.36,nan,[]
ZTRD,5 B X E,10760624,0.48,0,0.09,0.15,0.06,0.24,0,0,0,0.02,0,0,AR,1.18,nan,[]
ZTRD,5 B X F,10760625,0.53,0.13,0.02,0,0,0,0,0,0,0,0.02,0.03,AR,0.28,nan,[]
ZTRD,5 C B C,10760626,2.15,0.03,1.78,1.12,0.13,1.08,1.18,1.03,0,0.98,0.95,0.9,AR,0.74,inf,[]
ZTRD,5 C C A,10760627,0.41,0,0.75,0,1.01,0.16,0.04,0.22,0.17,0,1.51,0,AR,1.59,inf,[]
ZTRD,5 C C E,10760628,0,0.21,0.36,0,0,0,0.75,0.27,0.25,0.15,0.18,0,AR,0.46,nan,[]
ZTRD,5 C D C,10760629,0.0,0.0,0.0,0.0,0.0,0.0,0.0,0.0,0.0,0.0,0.0,0.0,AR,0.0,nan,[]
ZTRD,5 C X E,10760630,0.0,0.0,0.0,0.0,0.0,0.0,0.0,0.0,0.0,0.0,0.0,0.0,AR,0.0,nan,[]
ZTRD,5 D A A,10760637,0,0.4,0.53,0,0.8,1.94,0,0,0,0.85,0,0,AR,0.79,nan,[]
ZTRD,5 D A E,10760638,0.61,0,0.76,0.36,0,1.61,1.85,0,0,0.66,0.82,0.97,AR,1.33,nan,[]
ZTRD,5 X A A,10760639,7.13,1.23,7.45,1.35,2.6,1.37,4.17,0.95,0.75,6.0,2.29,1.3,AR,3.83,nan,[]
ZTRD,5 X A C,10760640,0.03,1.03,0.03,0.03,0.03,0.03,0.03,0.03,0.03,0.03,0.02,0.02,AR,0.29,nan,[]
ZTRD,5 X A E,10760644,8.64,54.13,74.52,39.34,45.1,26.17,54.5,11.67,35.33,0,49.92,20.71,AR,37.53,inf,[]
ZTRD,5 X B A,10760645,1.97,0.39,6.04,0.84,2.53,1.59,0.58,2.28,2.28,5.33,0.48,1.59,AR,2.17,nan,[]
ZTRD,5 X B C,10760646,2.42,4.92,38.96,33.16,43.42,9.18,41.48,7.74,32.46,28.62,22.12,12.4,AR,27.44,inf,[]
ZTRD,5 X B E,10760649,0.0,0.0,0.0,0.0,0.0,0.0,0.0,0.0,0.0,0.0,0.0,0.0,AR,0.0,nan,[]
ZTRD,5 X B F,10760650,0.14,0.95,0.05,0.04,0.05,0.02,0.01,0.05,0.01,0.04,0.01,0.03,AR,0.41,nan,[]
ZTRD,5 X C C,10760652,1.78,0.03,0.11,0.08,0.07,0,0,0,0.11,0,0.83,0,AR,0.72,nan,[]
ZTRD,5 X C E,10760653,0,0,11.49,11.14,10.81,11.48,12.16,16061.97,31133.26,0,0,0,AR,0.65,nan,[]
ZTRD,5 X D A,10760655,0,0,0,0,0,0,0,0,0,0,0,0,AR,0.15,nan,[]
ZTRD,5 X D C,10760656,0.03,0.03,0.03,0.03,0.03,0.03,1.03,0.03,0.03,0.03,0.03,0.03,AR,0.29,nan,[]
ZTRD,5 X X C,10760661,0.21,0,0.94,1.28,0.37,0.14,0.6,0.4,0.26,0.83,1.42,0,AR,1.64,inf,[]
ZTRD,5 X X E,10760662,2.14,0,0,0.01,0.28,0.79,0.99,0.82,0,0.04,0.04,0,AR,1.6,nan,[]
ZTRD,5 X X F,10760663,0.64,0.17,0.17,0,0.06,0.14,0,0,0.33,0,0.63,0.11,AR,0.54,nan,[]
ZTRD,5 X X G,10760664,0.65,1.65,0.4,1.31,0.09,0,0,0,0,0.03,0.27,0.29,AR,0.92,nan,[]
ZTRD,5 Y Y C,10760666,0.63,0,0,0,0.01,1.01,0.1,0.19,0,0,0,0,AR,0.58,nan,[]
ZTRD,5 Z Z A,10760668,0.03,0.03,0.03,0.03,0.03,0.03,0.03,0.03,0.03,0.03,1.03,0.03,AR,0.29,nan,[]
ZTRD,5 Z Z B,10760680,1.01,0,0,1.39,1.33,1.63,0.42,0,0.11,1.16,2.06,0.82,AR,1.23,nan,[]
ZTRD,5 Z Z C,10760691,0,0,0,0.68,0.01,0.32,0.3,0.1,0,0,0.1,0,AR,0.71,nan,[]
ZTRD,5 Z Z E,10760701,0,0,0.01,0.11,0.44,0,0.08,0,0.9,0,0,0.01,AR,0.53,nan,[]
ZTRD,6 B X C,10760702,0.02,0.02,0.03,0.13,0.52,0.21,0,0,1.98,0.18,0,0.04,AR,0.94,nan,[]
ZTRD,6 E A C,10760703,0,0.05,0,0,0.03,0,0,0,0.73,0,0,0,AR,0.29,nan,[]
ZTRD,6 X X C,10760704,0.24,0.41,0,0.68,0.7,0.84,2.82,1.56,0.85,0.57,2.64,1.17,AR,11.14,nan,[]
ZTRD,6 Y Y C,10760705,0.15,0,0.27,0,0,0,0,0,0,0.12,0,0,AR,0.94,nan,[]
ZTRD,7 A A C,10760706,0.26,1.4,1.48,1.28,1.22,1.24,1.37,1.79,0.83,1.8,0.98,1.81,AR,3.05,inf,[]
ZTRD,7 A D C,10760707,0.8,0,0.8,0.38,0.08,0,0.69,-0.0,1.01,0.22,0.61,0,AR,0.72,inf,[]
ZTRD,7 A D E,10760708,0,0.05,0.07,0.08,0.03,0.08,0.19,0.08,1.36,0.06,0.25,0.04,AR,0.52,inf,[]
ZTRD,7 A E C,10760709,2.14,0.41,2.99,0.65,0.7,0,0.66,1.25,1.73,2.41,0.13,3.07,AR,1.58,nan,[]
ZTRD,7 A E E,10760710,0.86,0.05,0,0,0.04,0,0.03,0,0.92,0,0,0,AR,0.8,nan,[]
ZTRD,7 A E F,10760711,0.91,0.43,0.63,1.15,1.12,1.19,1.45,1.16,0.9,0.98,0.69,0.33,AR,6.23,inf,[]
ZTRD,7 A X C,10760712,1.09,0.27,1.15,0,0.09,0.18,0.07,0.09,0,0.1,0.06,0.09,AR,0.67,nan,[]
ZTRD,7 A X E,10760714,0.0,0.0,0.0,0.0,0.0,0.0,0.0,0.0,0.0,0.0,0.0,0.0,AR,0.0,nan,[]
ZTRD,7 S W E,10760717,0,0,0,0,0,0,0,0,0,0,0,0,AR,0.0,nan,[]
ZTRD,7 X X E,10760718,0,0,0,0,0,0,0,0,0,0,0,0,AR,0.0,nan,[]
ZTRD,7 Z Z A,10760719,0,0,0,0,0,0,0,0,0,0,0,0,AR,0.0,nan,[]
ZTRD,7 Z Z C,10760720,0,0,0,0,0,0,0,0,0,0,0,0,AR,0.0,nan,[]
ZTRD,7 Z Z E,10760721,0.19,0,0.36,0,0,0.03,0.9,0,0.18,0.9,0.13,0.01,AR,0.42,nan,[]
ZTRD,7 Z Z H,10760722,0.25,0.78,0,0,0.13,1.29,0.44,0.96,0.35,0.49,1.73,1.41,AR,1.49,nan,[]
ZTRD,8 C C J,10760724,0.03,0.81,0,0.82,0,0.09,3.37,0,1.56,0,1.77,1.44,AR,1.12,nan,[]
ZTRD,8 X A G,10760725,6.4,1.85,0,0,0,1.14,2.26,4.31,3.0,5.45,1.85,0,AR,4.17,nan,[]
ZTRD,8 X B G,10760726,0.91,0.25,0.12,0,0,0,0,0,0.56,0.63,0,0,AR,0.55,nan,[]
ZTRD,8 X X G,10760730,3.13,4.44,2.13,1.53,1.45,1.11,11.74,2.29,2.79,2.38,2.29,1.72,AR,3.19,nan,[]
ZTRD,8 X Y G,10760731,0,0,0,0,0,0,0,0,0,0,0,0,AR,0.0,nan,[]
ZTRD,8 X Z G,10760732,0,0,0,0,0,0,0,0,0,0,0,0,AR,0.0,nan,[]
ZTRD,9 D A B,10760734,0.29,0,0,0,0,0,0,0.25,0,0,0,0,AR,1.54,nan,[]
ZTRD,9 D A C,10760735,0,0,0,0,0,0,0,0,0,0,0,0,AR,0.0,nan,[]
ZTRD,9 D Z B,10760736,1.12,0.43,0.59,0,0.26,0,0.67,0.05,0.61,0.01,0.1,0,AR,1.36,nan,[]
ZTRD,11 Z Z Z,10760737,0.41,0,0.62,0.74,1.25,0,0.49,0.91,3.46,0.12,0.75,0.07,AR,1.23,nan,[]
ZTRD,B E 03,10760738,0,0,0,0,0.05,0.69,0,1.46,0.65,0.44,1.01,0,AR,0.79,nan,[]
ZTRD,G A A A,10760801,0,0,0,0,0,0,0,0,0,0,0,0,AR,0.86,nan,[]
ZTRD,G A A E,10760810,0,0,0,0,0,0,0,0,0,0,0,0,AR,1.02,nan,[]
ZTRD,G B A A,10760813,0.06,1.54,0,1.13,0.45,2.35,8.27,0.05,2.45,0,0.43,0.21,AR,2.24,nan,[]
ZTRD,G B A E,10760815,0,48.67,19.52,0,73.49,0,36.99,15.63,80.72,0,0,8.34,AR,76.27,nan,[]
ZTRD,G B D C,10760831,0,0,0,0,0,0,0,0,0,0,0,0,AR,0.29,nan,[]
ZTRD,S A A A,10760904,2.52,0.11,0,0.34,0.9,0.46,0.39,0.5,0.98,0,0.8,0.76,AR,1.36,nan,[]
ZTRD,S A E A,10760905,0.37,0.5,2.62,1.21,0,0.79,0,1.6,0,1.76,0.61,1.86,AR,1.93,nan,[]
ZTRD,S B A G,10760906,0.0,0.0,0.0,0.0,0.0,0.0,0.0,0.0,0.0,0.0,0.0,0.0,AR,0.0,nan,[]
ZTRD,S B B G,10760907,0,0,0,0.04,0.01,0.12,0,0,0.96,0.95,0,0.01,AR,0.5,nan,[]
ZTRD,S B C G,10760908,0.0,0.0,0.0,0.0,0.0,0.0,0.0,0.0,0.0,0.0,0.0,0.0,AR,0.0,nan,[]
ZTRD,S B D G,10760909,0,0,0.63,0,0,0,0,1.47,0,0,0.12,0,AR,1.38,inf,[]
ZTRD,S B F G,10760910,0,0,0,0,0,0,0,0,0,0,0,0,AR,0.04,inf,[]
ZTRD,S C A E,10760913,0.0,0.0,0.0,0.0,0.0,0.0,0.0,0.0,0.0,0.0,0.0,0.0,AR,0.0,nan,[]
ZTRD,2 B C E,10760915,0.16,0,0.05,0.17,0,0.14,0.09,0,0.25,0,0,0.08,AR,0.65,nan,[]
ZTRD,2 B I F,10760916,0.0,0.0,0.0,0.0,0.0,0.0,0.0,0.0,0.0,0.0,0.0,0.0,AR,0.0,nan,[]
ZTRD,2 B J C,10760917,-0.0,-0.0,0.0,-0.0,-0.0,-0.0,-0.0,-0.0,0.0,-0.0,-0.0,1.0,AR,0.29,nan,[]
ZTRD,2 B J E,10760920,1.14,0.23,0.1,0.13,0,0.9,2.34,0.94,0,1.04,1.01,0,AR,0.77,nan,[]
ZTRD,2 C F E,10760923,0.08,0,0.9,0,0.07,0,0.87,0,0.01,0,0.05,0,AR,0.41,nan,[]
ZTRD,2 C G E,10760928,0,0,0,0,0,0,0,0,0,0,0,0,AR,0.0,nan,[]
ZTRD,2 C G F,10760929,0,0,0,0,0,0,0,0,0,0,0,0,AR,0.0,nan,[]
ZTRD,3 A B E,10760930,0.0,0.0,0.0,0.0,0.0,0.0,0.0,0.0,0.0,0.0,0.0,0.0,AR,0.0,nan,[]
ZTRD,3 A E E,10760934,0,0,2.65,0.45,0.06,0.3,0,0,2.12,0.37,0.15,0.47,AR,0.7,inf,[]
ZTRD,3 A H E,10760935,0,0,0,0,0,0,0,0,0,0,0,0,AR,0.28,nan,[]
ZTRD,3 A X E,10760938,0.36,0,0.28,0,0,0.01,0.79,0.28,1.05,0.87,0.16,0,AR,0.52,nan,[]
ZTRD,3 A X F,10760939,0.51,0.42,0,0.32,0.0,0,0.97,0,0,0.84,-0.0,0,AR,0.41,nan,[]
ZTRD,3 B A E,10760940,0.0,0.0,0.0,0.0,0.0,0.0,0.0,0.0,0.0,0.0,0.0,0.0,AR,0.31,inf,[]
ZTRD,3 B D E,10762000,0.78,0.59,0.59,0,0.58,0,0.3,0,0,0,0.48,0.3,AR,0.67,nan,[]
ZTRD,3 S Y G,10762001,0.29,0,0.51,0.32,0,0,0.01,0.24,0.19,0.28,0,0,AR,0.99,nan,[]
ZTRD,3 Y Y C,10762002,0.0,0.0,0.0,0.0,0.0,0.0,0.0,0.0,0.0,0.0,0.0,0.0,AR,0.0,nan,[]
ZTRD,4 A C E,10762017,0,5.07,5.56,0,3.02,3.62,0,0,0.51,0.42,2.23,0,AR,2.79,inf,[]
ZTRD,4 A G E,10762020,1.0,0,0,0,0,0,0.04,0.11,0.12,0.04,0,0,AR,0.49,nan,[]
ZTRD,4 A I B,10762021,0.64,0,0,3.96,0,1.91,0.87,0,0,0,0,0,AR,1.11,nan,[]
ZTRD,4 A I C,10762022,0,0,21.88,0,0,13.82,18.73,26.36,28.23,9.69,0,0,AR,15.33,inf,[]
ZTRD,4 A I E,10762023,0,0.42,0.68,0.15,0.42,0,0,0,0,0,0,0,AR,1.19,nan,[]
ZTRD,4 A I F,10762026,0,0,0,0,0,0,0,0,0,0,0,0,AR,0.0,nan,[]
ZTRD,4 A J B,10800309,9.85,1.93,5.34,7.49,8.11,6.05,0.64,2.12,12.59,0.68,0.93,2.46,AR,5.64,nan,[]
ZTRD,4 A J C,10800336,0.0,0.0,0.0,0.0,0.0,0.0,0.0,0.0,0.0,0.0,0.0,0.0,AR,0.0,nan,[]
ZTRD,4 A J E,11101354,0.01,0,0,0,0,0,0,0,0,0,0,0,AR,0.26,nan,[]
ZTRD,4 A J F,11103694,1.69,0.92,0,0,1.81,1.12,0,0.74,0.27,0.32,0,0.5,AR,1.97,nan,[]
ZTRD,4 A K C,11105005,0.34,12.13,32.79,21.53,4.26,2.35,29.13,5.97,12.81,3.13,2.15,11.73,AR,11.75,nan,[]
ZTRD,4 A K E,11105120,0,0,0,0,0,0,0,0,0,0,0,0,AR,0.0,nan,[]
ZTRD,4 A K F,11105332,0,0.19,0.76,0.48,0.39,0.34,0,0,0.25,0.0,0,0.16,AR,1.08,nan,[]
ZTRD,4 A L E,11105458,0,0,0,0,0,0,0,0,0,0,0,0,AR,0.0,nan,[]
ZTRD,4 A M C,11105462,0,0,0,0,0,0,0,0,0,0,0,0,AR,0.0,nan,[]
ZTRD,4 A M E,11105518,0.0,0.0,0.0,0.0,0.0,0.0,0.0,0.0,0.0,0.0,0.0,0.0,AR,0.0,nan,[]
ZTRD,4 A P B,11105674,0.03,0.03,0.03,0.03,0.03,0.03,0.03,0.03,0.03,1.03,0.03,0.03,AR,0.29,nan,[]
ZTRD,4 A P C,11105762,0,0,0,0,0,0,0,0,0,0,0,0,AR,0.0,nan,[]
ZTRD,4 A P E,11105789,0,0,0,0,0,0,0,0,0,0,0,0,AR,0.17,nan,[]
ZTRD,4 A P F,11105862,0,0.06,0,0,0,0,0,0,0,0,0,0,AR,0.19,nan,[]
ZTRD,4 A X C,11106542,0.0,0.0,0.0,0.0,0.0,0.0,0.0,0.0,0.0,0.0,0.0,0.0,AR,0.0,nan,[]
ZTRD,4 A X E,11201192,0.0,0.0,0.0,0.0,0.0,0.0,0.0,0.0,0.0,0.0,0.0,0.0,AR,0.0,nan,[]
ZTRD,4 A X F,11201250,0,0,0,0,0,0,0,0,0,0,0,0,AR,0.2,nan,[]
ZTRD,4 A Y E,11201251,0,0,1.98,0,0.02,0,0,0,0,0,0,0,AR,1.93,nan,[]
ZTRD,4 B A C,11201562,0,0,0,0,0,0,0,0,0,0,0,0,AR,0.01,nan,[]
ZTRD,4 B A E,11301509,-0.0,-0.0,-0.0,-0.0,-0.0,-0.0,-0.0,-0.0,-0.0,-0.0,-0.0,-0.0,AR,0.02,nan,[]
ZTRD,4 B A F,11301566,0.0,0.0,0.0,0.0,0.0,0.0,0.0,0.0,0.0,0.0,0.0,0.0,AR,0.3,inf,[]
ZTRD,4 B B C,11301725,0,0,0,0,0,0,0,0,0,0,0,0,AR,0.0,nan,[]
ZTRD,4 B B E,11301771,0,0,0,0,0,0,0,0,0,0,0,0,AR,1.45,nan,[]
ZTRD,4 B B F,11302193,0,0,0,0,0,0,0,0,0,0,0,0,AR,0.0,nan,[]
ZTRD,4 B C C,11302706,0,0.03,0,0,0,0,0,0,0,0,0,0,AR,1.03,nan,[]
ZTRD,4 B C E,11403168,0,1.92,0,0,0,0,0,0,0,0,0,0,AR,0.58,nan,[]
ZTRD,4 B C F,11403344,0.0,0.0,0.0,0.0,0.0,0.0,0.0,0.0,0.0,0.0,0.0,0.0,AR,0.0,nan,[]
ZTRD,4 B D E,11403358,0.0,0.0,0.0,0.0,0.0,0.0,0.0,0.0,0.0,0.0,0.0,0.0,AR,0.32,nan,[]
ZTRD,4 B D F,11403428,0.92,0,0.1,0,0.94,0,0.9,0,0,0,0,0,AR,1.13,nan,[]
ZTRD,4 B E E,11403429,0.05,0,0,0,0,0,0.97,0,0,0,0.02,0,AR,0.3,nan,[]
ZTRD,4 B X C,11403430,0.05,0,0,0,0,0,0.97,0,0,0,0.02,0,AR,0.3,nan,[]
ZTRD,4 B X E,11403432,0.0,0.0,0.0,0.0,0.0,0.0,0.0,0.0,0.0,0.0,0.0,0.0,AR,0.0,nan,[]
ZTRD,4 B X F,11403466,0.0,0.0,0.0,0.0,0.0,0.0,0.0,0.0,0.0,0.0,0.0,0.0,AR,0.0,nan,[]
ZTRD,4 C A E,11403641,0,0,0.36,1.45,1.13,0.26,1.34,0.31,0.7,0.19,0,0,AR,1.65,inf,[]
ZTRD,4 C A Z,11403666,0.05,0,0,2.77,0,0.79,0,0,0,0.21,0.06,0.17,AR,1.2,nan,[]
ZTRD,4 D A C,11403714,0.0,0.0,0.0,0.0,0.0,0.0,0.0,0.0,0.0,0.0,0.0,0.0,AR,0.3,inf,[]
ZTRD,4 D A E,11403953,0,0.04,0.06,0,0,0,0.01,0,0,0.02,0,0,AR,0.83,nan,[]
ZTRD,4 D A F,11403954,0,0,0,0.03,0,0,0,0,0.04,0,0,0,AR,0.65,nan,[]
ZTRD,4 D B E,11403956,1.43,0,1.55,0,0,0.18,4.2,0.37,0,0,0.29,0,AR,2.44,nan,[]
ZTRD,4 D B F,11403971,0.0,0.0,0.0,0.0,0.0,0.0,0.0,0.0,0.0,0.0,0.0,0.0,AR,0.92,inf,[]
ZTRD,4 D C B,11404900,0,0,0,0,0,0,0,0,0,0,0,0,AR,0.0,nan,[]
ZTRD,4 D C E,11404965,0.01,0.01,0.01,0.02,0.02,0.02,0.02,0.02,0.02,0.02,0.02,0.03,AR,0.17,inf,[]
ZTRD,4 D D E,11405009,0,0,0,0,0,0,0,0,0,0,0,0,AR,0.0,nan,[]
ZTRD,4 D D F,11405135,0.0,0.0,0.0,0.0,0.0,0.0,0.0,0.0,0.0,0.0,0.0,0.0,AR,0.0,nan,[]
ZTRD,4 D X E,11405264,0,0,0,0,0,0,0,0,0,0,0,0,AR,0.0,nan,[]
ZTRD,4 D X F,13151005,0.2,0.03,0.5,0.03,0.11,0.03,0.03,0.03,0.02,0.02,0.06,0.03,AR,0.94,inf,[]
ZTRD,4 X X C,13170007,0,0,0,0.74,0,0,0,0,0,0,0,0,AR,0.74,nan,[]
ZTRD,4 X X E,13350008,0,0,0,0,0,0,0,0,0,0,0,0,AR,0.04,nan,[]
ZTRD,4 X X F,13350022,0,0,0.08,0.45,0,0,1.67,0,0.68,0,0.48,1.81,AR,1.22,nan,[]
ZTRD,4 Y A E,13401065,0,0.01,0,0.2,0,0,0.08,0,0,0.75,0,0.01,AR,0.35,nan,[]
ZTRD,4 Y A F,13460021,3.77,2.97,0,0.74,0.63,0,0,0.36,0,1.26,3.39,0,AR,3.58,nan,[]
ZTRD,4 Y Y C,13470006,0.03,0.03,0.03,0.03,0.03,0.03,0.03,0.03,0.03,0.03,0.03,1.03,AR,0.29,nan,[]
ZTRD,5 A D B,13480017,0.0,0.0,0.0,0.0,0.0,0.0,0.0,0.0,0.0,0.0,0.0,0.0,AR,0.0,nan,[]
ZTRD,5 A D C,13480022,0,0.49,0.09,0,0,0,2.64,0,0,0,0,0,AR,1.29,nan,[]
ZTRD,5 A D E,13480035,0.03,0.03,1.03,0.03,0.03,0.03,0.03,0.03,0.03,0.02,0.02,0.03,AR,0.29,nan,[]
ZTRD,5 A D F,13480037,0,0.83,0,0,0,0,0,0.16,0,0,0,0,AR,0.38,nan,[]
ZTRD,5 A G B,13506062,4.73,0,11.36,2.78,0,4.38,4.55,11.66,0,4.03,0,1.59,AR,17.96,inf,[]
ZTRD,5 A G C,13541510,0.34,0,0,0,0,0,0.21,0,1.32,0,1.96,0,AR,0.67,nan,[]
ZTRD,5 A G E,13541513,0.0,0.0,0.0,0.0,0.0,0.0,0.0,0.0,0.0,0.0,0.0,0.0,AR,0.0,nan,[]
ZTRD,5 A G F,13541514,0,0,0,0,0,0,0,0,0,0,0,0,AR,0.0,nan,[]
ZTRD,5 A K E,13541539,0.0,0.0,0.0,0.0,0.0,0.0,0.0,0.0,0.0,0.0,0.0,0.0,AR,0.0,nan,[]
ZTRD,5 A K F,13541543,0.03,0.03,0.03,0.03,1.03,0.03,0.03,0.03,0.03,0.03,0.03,0.03,AR,0.29,nan,[]
ZTRD,5 A L E,13710009,0.0,0.0,0.0,0.0,0.0,0.0,0.0,0.0,0.0,0.0,0.0,0.0,AR,0.0,nan,[]
ZTRD,5 A M E,14330003,0,0,0,0,0,0,0,0,0,0,0,0,AR,0.0,nan,[]
ZTRD,5 A N E,14330024,0,0.17,0.39,0.09,-0.0,0.15,0.17,0.09,5.13,0.05,0.04,0.08,AR,1.44,nan,[]
ZTRD,5 A X B,14330032,1.31,0,0,0.19,0.53,0,0.4,2.65,4.89,6.41,3.5,0.25,AR,2.3,nan,[]
ZTRD,5 A X C,14330034,0.0,0.0,0.0,0.0,0.0,0.0,0.0,0.0,0.0,0.0,0.0,0.0,AR,0.0,nan,[]
ZTRD,5 A X E,14330038,0.0,0.0,0.0,0.0,0.0,0.0,0.0,0.0,0.0,0.0,0.0,0.0,AR,0.0,nan,[]
ZTRD,5 A X F,15000009,0.0,0.0,0.0,0.0,0.0,0.0,0.0,0.0,0.0,0.0,0.0,0.0,AR,0.0,nan,[]
ZTRD,5 B B E,15000012,7.77,0.64,4.79,1.3,3.09,10.27,0.42,2.45,0.2,1.32,0,2.04,AR,4.47,nan,[]
ZTRD,5 B C E,15000013,0,0.12,0.81,0.06,0.06,0.97,0.0,0.01,0,0.03,0,0.01,AR,0.49,nan,[]
ZTRD,5 B X B,15060007,0.0,0.0,0.0,0.0,0.0,0.0,0.0,0.0,0.0,0.0,0.0,0.0,AR,0.0,nan,[]
ZTRD,5 B X C,15060015,10.16,0,0,5.53,0.17,0,2.66,1.01,1.1,16.17,4.8,0,AR,9.52,nan,[]
ZTRD,5 B X E,15060017,1.76,0.05,0,0,0,0,0.9,0,0,0,0,0,AR,4.85,nan,[]
ZTRD,5 B X F,15101010,0.03,2.03,0.03,0.03,0.03,0.03,0.03,0.03,0.03,0.03,0.03,0.03,AR,0.58,nan,[]
ZTRD,5 C B A,15101013,0,0,0.98,0.65,1.17,0,0,2.01,0,0.05,0,0,AR,1.89,nan,[]
ZTRD,5 C B B,15101015,17.46,5.74,3.64,0.36,2.6,16.92,0.4,0,10.64,0,0,0,AR,8.96,nan,[]
ZTRD,5 C B C,15101027,0,0,0,0,0,0,0,0,0,0,0,0,AR,3.25,nan,[]
ZTRD,5 C C A,15101032,0,0,0,0,0,0,0,0,0,0,0,0,AR,0.0,nan,[]
ZTRD,5 C C E,15103021,0.0,0.0,0.0,0.0,0.0,0.0,0.0,0.0,0.0,0.0,0.0,0.0,AR,2.74,inf,[]
ZTRD,5 C D C,15103028,-0.0,-0.0,-0.0,-0.0,-0.0,-0.0,-0.0,-0.0,-0.0,-0.0,-0.0,-0.0,AR,0.0,nan,[]
ZTRD,5 C X E,15105005,0,0,0,0,0,0,0,0,0,0,0,0,AR,0.31,nan,[]
ZTRD,5 D A A,15105006,1.21,0,0,7.69,0.87,0,0,2.55,0.68,0.35,0,2.22,AR,7.74,inf,[]
ZTRD,5 D A E,15105008,0.0,0.0,0.0,0.0,0.0,0.0,0.0,0.0,0.0,0.0,0.0,0.0,AR,0.0,nan,[]
ZTRD,5 X A A,15105009,2.61,0,0.76,0.99,0,6.11,1.5,1.97,8.79,0.38,0,2.77,AR,7.07,inf,[]
ZTRD,5 X A C,15105058,0.03,0.03,0.03,0.03,1.03,0.03,0.03,0.03,0.03,0.03,0.03,0.03,AR,0.29,nan,[]
ZTRD,5 X A E,15111015,0.0,0.0,0.0,0.0,0.0,0.0,0.0,0.0,0.0,0.0,0.0,0.0,AR,0.0,nan,[]
ZTRD,5 X B A,15111021,0,0,0,0,0,0,0,0,0,0,0,0,AR,1.86,nan,[]
ZTRD,5 X B C,15130004,0.09,0.04,0.0,0,-0.0,0.0,0.0,0.0,0.0,0.0,0.0,0.0,AR,2.52,inf,[]
ZTRD,5 X B E,15130009,5.78,0,13.2,8.63,1.06,0,5.58,0,0,0,0,10.31,AR,11.21,inf,[]
ZTRD,5 X B F,15130010,0,0,0,0,0,0,0,0,0,0,0,0,AR,0.01,nan,[]
ZTRD,5 X C C,15151027,0.19,1.62,7.05,3.33,0,0.72,8.9,1.16,0.06,0.32,0.51,0,AR,3.96,nan,[]
ZTRD,5 X C E,15170057,0.0,0.0,0.0,0.0,0.0,0.0,0.0,0.0,0.0,0.0,0.0,0.0,AR,0.0,nan,[]
ZTRD,5 X D A,15170073,0,0,0,0,0,0,0,0,0,0,0,0,AR,0.0,nan,[]
ZTRD,5 X D C,15170088,0,0,0,0,0,0,0,0,0,0,0,0,AR,0.0,nan,[]
ZTRD,5 X X E,15170089,0,0,0,0,0,0,0,0,0,0,0,0,AR,0.0,nan,[]
ZTRD,5 X X F,15170102,0,0,0,0,0,0,0,0,0,0,0,0,AR,0.0,nan,[]
ZTRD,5 Y Y C,15170160,0,0.24,2.1,2.25,-0.0,0.21,0.08,0,0.19,0.08,0.24,0,AR,1.11,nan,[]
ZTRD,5 Z Z A,15170161,0,0,0,0,0,0,0,0,0,0,0,0,AR,0.58,nan,[]
ZTRD,5 Z Z B,15170183,0,0,3.17,0,0,0,0,0,0,0,0,0,AR,1.44,nan,[]
ZTRD,5 Z Z C,15170250,0.92,0,0.91,0,0,0.94,0,0,0,0,0,0,AR,0.49,nan,[]
ZTRD,5 Z Z E,15170385,0.0,0.0,0.0,0.0,0.0,0.0,0.0,0.0,0.0,0.0,0.0,0.0,AR,0.0,nan,[]
ZTRD,5 Z Z F,15170388,0,0,0.45,0,1.67,0,0,0,0,0,0,0,AR,0.92,nan,[]
ZTRD,6 Y Y C,15170606,1.49,0,0,0,0,0,0,0,0,-0.0,-0.0,0,AR,2.72,nan,[]
ZTRD,7 A D C,15170612,0.85,0,0,0.0,0,0,0,0,0,0,0,0,AR,1.63,nan,[]
ZTRD,7 A D E,15176008,0.0,0.0,0.0,0.0,0.0,0.0,0.0,0.0,0.0,0.0,0.0,0.0,AR,0.0,nan,[]
ZTRD,7 A E C,15212010,24.03,15.06,4.39,2.53,0,0,12.69,22.9,9.06,7.21,0,0,AR,9.53,347.46,[]
ZTRD,7 A E E,15212018,0,0,0,0,0,0,0,0,0,0,0,0,AR,1.3,nan,[]
ZTRD,7 A E F,15213004,0,0.25,3.74,0.21,0,0.19,0,0,0.36,0,0.2,0.77,AR,1.21,nan,[]
ZTRD,7 A X C,15400012,0.27,0.08,0.49,0.89,0.1,1.0,0.29,0,0,0.02,0.02,0.05,AR,0.4,nan,[]
ZTRD,7 A X E,15906013,2.91,0.71,10.33,0.66,4.97,2.0,0.61,0,0,0.37,1.27,0,AR,3.82,inf,[]
ZTRD,7 S W E,20001590,0.68,0.66,0.64,0.64,0.64,0.64,0.64,0.64,0.64,25.64,0.64,0.64,AR,7.22,nan,[]
ZTRD,7 X X E,20005133,0.0,0.0,0.0,0.0,0.0,0.0,0.0,0.0,0.0,0.0,0.0,0.0,AR,0.0,nan,[]
ZTRD,8 C C J,20005984,0,0,0,0,0,0.04,0,0,0,0,0,0,AR,0.76,nan,[]
ZTRD,8 X A G,20720592,0.65,0.63,0.62,0.57,0.56,0.55,2.33,0.44,0.44,0.43,0.17,8.18,AR,3.15,nan,[]
ZTRD,8 X B G,20721370,0.0,0.0,0.0,0.0,0.0,0.0,0.0,0.0,0.0,0.0,0.0,0.0,AR,0.0,nan,[]
ZTRD,8 X X G,20722415,0.0,0.0,0.0,0.0,0.0,0.0,0.0,0.0,0.0,0.0,0.0,0.0,AR,0.0,nan,[]
ZTRD,8 X Y G,20722470,0,0,0,0,0,0,0,0,0,0,0,0,AR,0.0,nan,[]
ZTRD,8 X Z G,20722540,0.0,0.0,0.0,0.0,0.0,0.0,0.0,0.0,0.0,0.0,0.0,0.0,AR,0.0,nan,[]
ZTRD,9 D A B,20723648,0.0,0.0,0.0,0.0,0.0,0.0,0.0,0.0,0.0,0.0,0.0,0.0,AR,0.0,nan,[]
ZTRD,9 D A C,20723738,0.0,0.0,0.0,0.0,0.0,0.0,0.0,0.0,0.0,0.0,0.0,0.0,AR,0.0,nan,[]
ZTRD,9 D A E,20724169,0,0,0,0,0,0,0,0,0,0,0,0,AR,0.0,nan,[]
ZTRD,9 D Z C,20724272,-0.0,-0.0,-0.0,-0.0,-0.0,-0.0,-0.0,-0.0,-0.0,-0.0,-0.0,-0.0,AR,0.0,nan,[]
ZTRD,B E 03,20724754,0,0,0.33,0,0,0,0,0,0,0,0,0,AR,4.87,nan,[]
ZTRD,G A A A,20724780,0.0,0.0,0.0,0.0,0.0,0.0,0.0,0.0,0.0,0.0,0.0,0.0,AR,0.0,nan,[]
ZTRD,G A J E,20725010,0.0,0.0,0.0,0.0,0.0,0.0,0.0,0.0,0.0,0.0,0.0,0.0,AR,0.0,nan,[]
ZTRD,G B A A,20725030,9.89,0,19.67,0,0.07,0,0.3,0,0.98,0,0,0,AR,9.09,nan,[]
ZTRD,G B A E,20725040,6.58,5.65,6.14,4.14,1.82,5.66,0,10.62,3.89,0,0,2.48,AR,7.32,nan,[]
ZTRD,3 B C E,20725050,0.69,0,1.69,15.42,5.29,0,-0.0,20.77,0,0,0,0,AR,8.02,nan,[]
ZTRD,3 B E E,20725060,0.31,0,0,0,0,0,0,0,0,0,0,0,AR,0.22,nan,[]
ZTRD,3 B I F,20725070,3.8,0,0,0,0,0,-0.0,0,0.28,0,0,0,AR,1.18,nan,[]
ZTRD,3 B J C,20725372,0,0,0,0,0,0,0,0,0,0,0,0,AR,0.0,nan,[]
ZTRD,3 B J E,20725587,0,0,0.57,0,0,0,0.64,0,0,0,0,8.88,AR,4.91,nan,[]
ZTRD,3 B M C,20725588,0,0,0,0.32,0,0,0,0,0,0,0,0,AR,1.25,nan,[]
ZTRD,3 B X C,20725589,0,0,0,7.07,2.26,2.48,2.67,2.37,3.79,4.93,2.37,2.65,AR,6.83,nan,[]
ZTRD,3 B X G,20725590,4.73,0.63,6.92,0,0,0,0,1.0,1.58,0,0,0.81,AR,6.92,nan,[]
ZTRD,3 C A E,20725591,0,0.11,17.89,0,0.2,0.26,0,2.92,3.02,7.66,0,0,AR,6.45,nan,[]
ZTRD,3 B C E,20725592,0,7.5,4.22,0,0,0,0,13.91,11.35,0,16.06,0,AR,12.2,nan,[]
ZTRD,3 B E E,20725593,0,21.92,18.85,33.78,11.86,0,3.21,0.76,0,0,0,19.36,AR,17.58,nan,[]
ZTRD,3 B I F,20725676,4.14,0,1.84,0,6.01,0.19,1.91,0,11.11,0,5.34,0,AR,1.65,inf,[]
ZTRD,3 B J C,20725682,0.52,0.07,0,0.27,0,0.22,0,0,0.42,0.82,0,1.28,AR,0.44,nan,[]
ZTRD,3 B J E,20725877,5.13,5.37,0,1.92,11.65,4.64,3.55,7.7,0,0,1.94,0,AR,4.58,nan,[]
ZTRD,3 B M C,20725906,0,0,0,0,0,0,0,0,0,0,0,0,AR,0.0,nan,[]
ZTRD,3 B X C,20725908,21.3,0,20.03,30.09,21.71,3.42,0,8.78,0,0.31,1.91,11.21,AR,14.24,nan,[]
ZTRD,3 B X G,20726015,0,0,0,0,0,0,0,0,0,0,0,0,AR,0.27,nan,[]
ZTRD,3 C A E,20726185,0.0,0.0,0.0,0.0,0.0,0.0,0.0,0.0,0.0,0.0,0.0,0.0,AR,0.0,nan,[]
ZTRD,3 C F E,20726191,0,1.09,0,0.69,1.97,0.09,0,1.14,0,1.34,0,3.48,AR,0.81,nan,[]
ZTRD,3 C F F,20726197,0,0,0,0,0,0,0,0,0,0,0,0,AR,0.0,nan,[]
ZTRD,3 C G E,20726692,0,0,0,0,0,0,0,0,0,0,0,0,AR,0.0,nan,[]
ZTRD,3 C G F,20726697,0,0,0,0,0.04,0.03,0.06,0,0,0,0,0,AR,0.58,nan,[]
ZTRD,4 A A A,20726699,0,0,0,0,0,0,0,0,0,0,0,0,AR,0.0,nan,[]
ZTRD,4 A B E,20727262,0.0,0.0,0.0,0.0,0.0,0.0,0.0,0.0,0.0,0.0,0.0,0.0,AR,0.0,nan,[]
ZTRD,4 A C E,20727263,0.0,0.0,0.0,0.0,0.0,0.0,0.0,0.0,0.0,0.0,0.0,0.0,AR,0.0,nan,[]
ZTRD,4 A D A,20727517,0,0,0,7.23,0,0,0,0,0,0,0,0,AR,3.07,nan,[]
ZTRD,4 A E E,20727723,0,0,0,0.64,0,0,0,0,0,0,0,0,AR,2.35,nan,[]
ZTRD,4 A H E,20727729,0,0,0,0.14,0,0,0,0,0,0,0,0,AR,0.3,nan,[]
ZTRD,4 A I E,20727789,6.4,19.19,0,40.12,0,2.97,13.36,0,0,1.5,7.51,0.63,AR,23.9,nan,[]
ZTRD,4 A L A,20727882,14.3,0.46,0.42,0.42,0.37,0.34,0.33,0.32,0.35,0.37,0.37,0.37,AR,4.06,inf,[]
ZTRD,4 A L F,20727905,0.0,0.0,0.0,0.0,0.0,0.0,0.0,0.0,0.0,0.0,0.0,0.0,AR,0.0,nan,[]
ZTRD,4 A X E,20727906,0.0,0.0,0.0,0.0,0.0,0.0,0.0,0.0,0.0,0.0,0.0,0.0,AR,0.0,nan,[]
ZTRD,4 A X F,20727925,-0.0,-0.0,-0.0,-0.0,-0.0,-0.0,-0.0,-0.0,-0.0,-0.0,-0.0,-0.0,AR,0.0,nan,[]
ZTRD,4 B A E,20727926,-0.0,0,1.43,0.0,0.04,2.07,0,0.24,2.03,0.04,0,0.96,AR,0.89,nan,[]
ZTRD,4 B B B,20727958,0,0,0.12,0.9,-0.0,0,0,0,0,0.02,0,0,AR,0.41,inf,[]
ZTRD,4 B B E,20728027,1.06,0,0,0,0,0.07,-0.0,0.05,0,0,0,0,AR,1.59,nan,[]
ZTRD,4 B D E,20728051,0.0,0.0,0.0,0.0,0.0,0.0,0.0,0.0,0.0,0.0,0.0,0.0,AR,0.0,nan,[]
ZTRD,4 C X C,20728132,0,7.55,0,0,0,0,0,0,0,0,0,0,AR,2.31,nan,[]
ZTRD,4 S Y G,20728441,0.91,0,0,0,0,0,0,0,0,0,0,0,AR,0.29,nan,[]
ZTRD,4 Y Y C,20728653,0.0,-0.0,0.0,-0.0,0.0,0.0,2.0,-0.0,0.0,-0.0,0.0,-0.0,AR,0.58,nan,[]
ZTRD,5 A A E,20728661,2.42,0.7,6.69,2.53,2.48,0.1,0.87,5.02,3.22,2.36,4.05,0.33,AR,2.42,nan,[]
ZTRD,5 A C C,20728662,10.01,8.71,18.57,13.37,8.84,9.44,10.72,21.07,25.54,13.63,17.34,7.45,AR,6.48,43.68,[]
ZTRD,5 A C E,20728663,1.42,2.47,0,0,0.3,0,3.44,0.52,0,1.3,0.58,0.58,AR,1.34,nan,[]
ZTRD,5 A G C,20728664,0,0,0.1,0,6.12,18.27,0,0,0,0,28.85,39.85,AR,8.82,nan,[]
ZTRD,5 A G E,20728734,0.0,0.0,0.0,0.0,0.0,0.0,0.0,0.0,0.0,0.0,0.0,0.0,AR,0.0,nan,[]
ZTRD,5 A I B,20728765,0.0,0.0,0.0,0.0,0.0,0.0,0.0,0.0,0.0,0.0,0.0,0.0,AR,0.31,inf,[]
ZTRD,5 A I C,20729370,7.5,11.36,15.49,19.0,4.28,14.47,0,22.87,19.74,14.05,22.98,6.87,AR,11.71,122.19,[]
ZTRD,5 A I E,20729556,0,0,0,0,0,0,0,0,0,0.36,0,0,AR,0.58,nan,[]
ZTRD,5 A I F,20729630,0.03,0.03,0.03,0.03,0.03,1.03,0.03,0.03,0.03,0.03,0.03,0.03,AR,0.29,nan,[]
ZTRD,5 A J B,20729886,0,0,0,0,0,0,0,0,0,0,0,0,AR,0.0,nan,[]
ZTRD,5 A J C,20730128,0,0,0,0,0,0,0,0,0,0,0,0,AR,0.0,nan,[]
ZTRD,5 A J E,20730129,0,0,0,0,0,0,0,0,0,0,0,0,AR,0.6,nan,[]
ZTRD,5 A J F,20730130,0.08,0.08,0.03,0.03,0.03,0.03,0.03,0.03,0.05,0.03,2.03,0.03,AR,0.58,nan,[]
ZTRD,5 A K C,20730131,0,0,0.67,0,0,0,0,0,0,0,0,0,AR,0.29,nan,[]
ZTRD,5 A K E,20730132,0,0,0,0,0,0,0,0,0,0,0,0,AR,0.0,nan,[]
ZTRD,5 A K F,20730133,0.02,0.01,0.01,0.01,0.01,0.01,0.02,0.01,0.02,0.01,0.01,0.01,AR,0.03,inf,[]
ZTRD,5 A L E,20730134,0.0,8.76,0,4.91,4.32,0,0.84,1.64,0,0,0.38,0.04,AR,3.15,nan,[]
ZTRD,5 A M C,20730135,0,0,0,0,0,0,0,0,0,0,0,0,AR,0.0,nan,[]
ZTRD,5 A M E,20730136,0.0,0.0,0.0,0.0,0.0,0.0,0.0,0.0,0.0,0.0,0.0,0.0,AR,0.69,nan,[]
ZTRD,5 A P B,20730141,0.0,0.0,0.0,0.0,0.0,0.0,8.0,0.0,0.0,0.0,0.0,0.0,AR,0.0,nan,[]
ZTRD,5 A P C,20730353,0,0,0,0,0,0,0,0,0,0,0,0,AR,0.0,nan,[]
ZTRD,5 A P E,20731008,0,0,0,0,0,0,0,0,0,0,0,0,AR,0.0,nan,[]
ZTRD,5 A P F,20731069,0,2.98,0,0,0,0,0,0,0,0,0,0,AR,0.89,nan,[]
ZTRD,5 A X C,20731266,0.0,0.0,0.0,0.0,0.0,0.0,0.0,0.0,0.0,0.0,0.0,0.0,AR,0.0,nan,[]
ZTRD,5 A X E,20731305,19.67,0,6.06,16.76,57.26,2.69,3.72,1.68,1.22,1.06,3.1,11.77,AR,45.59,inf,[]
ZTRD,5 A X F,20734801,0.11,0.11,0.11,0.1,0.1,0.1,0.1,0.1,4.1,0.1,0.1,0.1,AR,1.15,nan,[]
ZTRD,5 A Y E,20734803,0.44,1.15,0,12.84,5.11,10.19,8.09,9.2,5.67,8.27,4.39,3.05,AR,9.13,nan,[]
ZTRD,5 B A E,20734804,15.51,1.03,0,16.83,19.15,27.06,10.72,26.28,0,13.6,8.88,13.28,AR,13.88,nan,[]
ZTRD,5 B A F,20734805,12.88,8.8,0,12.44,0.59,5.75,2.58,8.09,3.34,2.95,7.38,6.98,AR,9.94,inf,[]
ZTRD,5 B B C,20734806,0,41.39,0,17.76,0,0,4.45,0,0,0.42,0,12.11,AR,19.15,nan,[]
ZTRD,5 B B E,20734807,19.28,1.73,8.12,13.36,9.96,20.07,5.65,3.55,29.64,3.01,1.38,10.96,AR,9.22,inf,[]
ZTRD,5 B B F,20734808,0,6.51,6.92,5.2,9.62,12.44,4.4,1.3,0.2,5.43,6.2,3.0,AR,5.95,nan,[]
ZTRD,5 B C C,20734809,2.15,0.38,0,0,0,0.23,0,0.65,0,0,0.63,0.08,AR,1.13,nan,[]
ZTRD,5 B C E,20734812,0.0,0.0,0.0,0.0,0.0,0.0,0.0,0.0,0.0,0.0,0.0,0.0,AR,0.0,nan,[]
ZTRD,5 B C F,20734813,0,0,0,0,0,0,0,0,0,0,0,0,AR,0.0,nan,[]
ZTRD,5 B D B,20734814,0.0,0.0,0.0,0.0,0.0,0.0,0.0,0.0,0.0,0.0,0.0,0.0,AR,0.0,nan,[]
ZTRD,5 B D E,20734815,0,0,0,4.68,0,0,0,0,0,0,0,0,AR,6.22,nan,[]
ZTRD,5 B D F,20734816,0.0,0.0,0.0,0.0,0.0,0.0,0.0,0.0,0.0,0.0,0.0,0.0,AR,0.0,nan,[]
ZTRD,5 B E C,20734817,0,0,0,0,0,0,0,0,0,0,0,0,AR,3.85,inf,[]
ZTRD,5 B E E,20735406,0.0,0.0,0.0,0.0,0.0,0.0,0.0,0.0,0.0,0.0,0.0,0.0,AR,0.6,inf,[]
ZTRD,5 B X C,20735408,0.03,0.03,0.03,0.03,0.03,0.03,1.03,0.03,0.03,0.03,0.03,0.03,AR,0.29,nan,[]
ZTRD,5 B X E,20735414,0.0,0.0,0.0,0.0,0.0,0.0,0.0,0.0,0.0,0.0,0.0,0.0,AR,0.0,nan,[]
ZTRD,5 B X F,20735415,0,0,0,0,0,0,0,0,0,0,0,0,AR,0.0,nan,[]
ZTRD,5 B Y C,20735416,0.0,0.0,0.0,0.0,0.0,0.0,0.0,0.0,0.0,0.0,0.0,0.0,AR,0.0,nan,[]
ZTRD,5 C A A,20736329,0,0,0,0,0,0,0,0,0,0,0,0,AR,0.0,nan,[]
ZTRD,5 C A E,20736623,2.48,1.11,0,0.88,1.06,0.19,0.3,0.69,2.41,5.23,0.43,0.43,AR,1.55,nan,[]
ZTRD,5 D A C,20736656,4.65,0,0,6.98,9.3,1.3,3.35,3.11,0.23,0,7.86,0,AR,5.76,nan,[]
ZTRD,5 D A E,20736658,0,0,0.05,0,0.53,0.01,0.04,1.94,0.04,0,0,0.03,AR,0.63,nan,[]
ZTRD,5 D A F,20736759,0,0,0,0,0,0,0,0,0,0,0,0,AR,0.0,nan,[]
ZTRD,5 D B E,20737303,0,0.23,1.69,0,0.02,0,3.76,0,0.38,9.18,0.42,0.29,AR,2.94,nan,[]
ZTRD,5 D B F,20737494,0,0,0.01,0,0.05,0,0,0,1.02,0,0.0,0,AR,0.41,nan,[]
ZTRD,5 D C C,20737945,0.0,0.0,0.0,0.0,0.0,0.0,0.0,0.0,0.0,0.0,0.0,0.0,AR,1.22,inf,[]
ZTRD,5 D C E,20738439,0,0,0,0,0,0,0,0,0,0,0,0,AR,0.0,nan,[]
ZTRD,5 D D E,20738719,0,0,0,0,0,0,0,0,0,0,0,0,AR,0.0,nan,[]
ZTRD,5 D D F,20738723,0,0,1.71,0,0,0,5.71,8.26,3.14,4.73,2.44,2.07,AR,3.7,nan,[]
ZTRD,5 D X C,20738725,0,2.74,6.23,24.6,2.07,0,0,0.79,8.75,5.3,13.5,2.02,AR,10.23,nan,[]
ZTRD,5 D X E,20738819,0.07,1.13,0,0.33,0.09,0.32,0,2.06,0.02,0.2,0,2.03,AR,0.9,nan,[]
ZTRD,5 D X F,20739032,0.03,0.03,0.03,0.03,1.03,0.03,0.03,0.03,0.03,0.03,0.03,0.03,AR,0.29,nan,[]
ZTRD,5 X X C,20739046,0.06,0.06,0.06,0.05,0.05,0.05,2.05,0.05,0.05,0.05,0.05,0.05,AR,0.58,nan,[]
ZTRD,5 X X E,20739173,1.05,0.11,0,0,0.97,0.01,0.02,0.0,0,0.01,0.0,0,AR,0.73,inf,[]
ZTRD,5 X X F,20739175,0.03,0.03,0.63,0.06,0.04,0.66,0.04,0.03,0.23,0.01,0.01,0,AR,0.48,nan,[]
ZTRD,5 Y A C,20739256,5.94,5.94,2.82,1.93,50.95,0.69,2.01,1.17,2.62,2.08,3.97,1.46,AR,14.45,nan,[]
ZTRD,5 Y A E,20739418,0.12,0.14,0.31,1.0,0.87,0.86,0,1.08,0,0.83,0.81,1.06,AR,0.54,nan,[]
ZTRD,5 Y A F,20739419,0.32,0.03,1.05,0.22,0.03,0.09,0.05,1.05,0.32,1.05,1.15,0.07,AR,0.4,nan,[]
ZTRD,5 Y Y C,20739429,0.0,0.0,0.0,0.0,0.0,0.0,0.0,0.0,0.0,0.0,0.0,0.0,AR,0.0,nan,[]
ZTRD,5 Y Y E,20739470,0.01,0.02,1.03,1.03,0.03,0.03,0.03,0.03,0.03,0.03,0.03,0.03,AR,0.41,nan,[]
ZTRD,6 A C C,20739626,0,0,0,0,0,0,0,0,0,0,0,0,AR,0.0,nan,[]
ZTRD,6 A C F,20739717,0,0,0,0,0,0,0,0,0,0,0,0,AR,0.29,nan,[]
ZTRD,6 A D B,20739788,0.0,0.0,0.0,0.0,0.0,0.0,0.0,0.0,0.0,0.0,0.0,0.0,AR,0.0,nan,[]
ZTRD,6 A D C,20740019,0,0.01,0.14,0.0,-0.0,0.0,-0.0,0.0,-0.0,0.0,0,0.02,AR,0.71,nan,[]
ZTRD,6 A D E,20740556,1.03,0.03,0.03,0.03,0.03,0.03,0.03,0.03,0.03,0.03,0.02,0.02,AR,0.29,nan,[]
ZTRD,6 A D F,20973982,0,1.62,0,0,0,0,0,0,0,0,0,0,AR,1.79,inf,[]
